-- MySQL dump 10.13  Distrib 8.0.16, for Linux (x86_64)
--
-- Host: localhost    Database: kc_lab
-- ------------------------------------------------------
-- Server version	8.0.16

/*!40101 SET @OLD_CHARACTER_SET_CLIENT=@@CHARACTER_SET_CLIENT */;
/*!40101 SET @OLD_CHARACTER_SET_RESULTS=@@CHARACTER_SET_RESULTS */;
/*!40101 SET @OLD_COLLATION_CONNECTION=@@COLLATION_CONNECTION */;
 SET NAMES utf8mb4 ;
/*!40103 SET @OLD_TIME_ZONE=@@TIME_ZONE */;
/*!40103 SET TIME_ZONE='+00:00' */;
/*!40014 SET @OLD_UNIQUE_CHECKS=@@UNIQUE_CHECKS, UNIQUE_CHECKS=0 */;
/*!40014 SET @OLD_FOREIGN_KEY_CHECKS=@@FOREIGN_KEY_CHECKS, FOREIGN_KEY_CHECKS=0 */;
/*!40101 SET @OLD_SQL_MODE=@@SQL_MODE, SQL_MODE='NO_AUTO_VALUE_ON_ZERO' */;
/*!40111 SET @OLD_SQL_NOTES=@@SQL_NOTES, SQL_NOTES=0 */;

--
-- Table structure for table `ADMIN_EVENT_ENTITY`
--

DROP TABLE IF EXISTS `ADMIN_EVENT_ENTITY`;
/*!40101 SET @saved_cs_client     = @@character_set_client */;
 SET character_set_client = utf8mb4 ;
CREATE TABLE `ADMIN_EVENT_ENTITY` (
  `ID` varchar(36) NOT NULL,
  `ADMIN_EVENT_TIME` bigint(20) DEFAULT NULL,
  `REALM_ID` varchar(255) DEFAULT NULL,
  `OPERATION_TYPE` varchar(255) DEFAULT NULL,
  `AUTH_REALM_ID` varchar(255) DEFAULT NULL,
  `AUTH_CLIENT_ID` varchar(255) DEFAULT NULL,
  `AUTH_USER_ID` varchar(255) DEFAULT NULL,
  `IP_ADDRESS` varchar(255) DEFAULT NULL,
  `RESOURCE_PATH` varchar(2550) DEFAULT NULL,
  `REPRESENTATION` text,
  `ERROR` varchar(255) DEFAULT NULL,
  `RESOURCE_TYPE` varchar(64) DEFAULT NULL,
  PRIMARY KEY (`ID`)
) ENGINE=InnoDB DEFAULT CHARSET=utf8;
/*!40101 SET character_set_client = @saved_cs_client */;

--
-- Dumping data for table `ADMIN_EVENT_ENTITY`
--

LOCK TABLES `ADMIN_EVENT_ENTITY` WRITE;
/*!40000 ALTER TABLE `ADMIN_EVENT_ENTITY` DISABLE KEYS */;
/*!40000 ALTER TABLE `ADMIN_EVENT_ENTITY` ENABLE KEYS */;
UNLOCK TABLES;

--
-- Table structure for table `ASSOCIATED_POLICY`
--

DROP TABLE IF EXISTS `ASSOCIATED_POLICY`;
/*!40101 SET @saved_cs_client     = @@character_set_client */;
 SET character_set_client = utf8mb4 ;
CREATE TABLE `ASSOCIATED_POLICY` (
  `POLICY_ID` varchar(36) NOT NULL,
  `ASSOCIATED_POLICY_ID` varchar(36) NOT NULL,
  PRIMARY KEY (`POLICY_ID`,`ASSOCIATED_POLICY_ID`),
  KEY `IDX_ASSOC_POL_ASSOC_POL_ID` (`ASSOCIATED_POLICY_ID`),
  CONSTRAINT `FK_FRSR5S213XCX4WNKOG82SSRFY` FOREIGN KEY (`ASSOCIATED_POLICY_ID`) REFERENCES `RESOURCE_SERVER_POLICY` (`ID`),
  CONSTRAINT `FK_FRSRPAS14XCX4WNKOG82SSRFY` FOREIGN KEY (`POLICY_ID`) REFERENCES `RESOURCE_SERVER_POLICY` (`ID`)
) ENGINE=InnoDB DEFAULT CHARSET=utf8;
/*!40101 SET character_set_client = @saved_cs_client */;

--
-- Dumping data for table `ASSOCIATED_POLICY`
--

LOCK TABLES `ASSOCIATED_POLICY` WRITE;
/*!40000 ALTER TABLE `ASSOCIATED_POLICY` DISABLE KEYS */;
/*!40000 ALTER TABLE `ASSOCIATED_POLICY` ENABLE KEYS */;
UNLOCK TABLES;

--
-- Table structure for table `AUTHENTICATION_EXECUTION`
--

DROP TABLE IF EXISTS `AUTHENTICATION_EXECUTION`;
/*!40101 SET @saved_cs_client     = @@character_set_client */;
 SET character_set_client = utf8mb4 ;
CREATE TABLE `AUTHENTICATION_EXECUTION` (
  `ID` varchar(36) NOT NULL,
  `ALIAS` varchar(255) DEFAULT NULL,
  `AUTHENTICATOR` varchar(36) DEFAULT NULL,
  `REALM_ID` varchar(36) DEFAULT NULL,
  `FLOW_ID` varchar(36) DEFAULT NULL,
  `REQUIREMENT` int(11) DEFAULT NULL,
  `PRIORITY` int(11) DEFAULT NULL,
  `AUTHENTICATOR_FLOW` bit(1) NOT NULL DEFAULT b'0',
  `AUTH_FLOW_ID` varchar(36) DEFAULT NULL,
  `AUTH_CONFIG` varchar(36) DEFAULT NULL,
  PRIMARY KEY (`ID`),
  KEY `IDX_AUTH_EXEC_REALM_FLOW` (`REALM_ID`,`FLOW_ID`),
  KEY `IDX_AUTH_EXEC_FLOW` (`FLOW_ID`),
  CONSTRAINT `FK_AUTH_EXEC_FLOW` FOREIGN KEY (`FLOW_ID`) REFERENCES `AUTHENTICATION_FLOW` (`ID`),
  CONSTRAINT `FK_AUTH_EXEC_REALM` FOREIGN KEY (`REALM_ID`) REFERENCES `REALM` (`ID`)
) ENGINE=InnoDB DEFAULT CHARSET=utf8;
/*!40101 SET character_set_client = @saved_cs_client */;

--
-- Dumping data for table `AUTHENTICATION_EXECUTION`
--

LOCK TABLES `AUTHENTICATION_EXECUTION` WRITE;
/*!40000 ALTER TABLE `AUTHENTICATION_EXECUTION` DISABLE KEYS */;
INSERT INTO `AUTHENTICATION_EXECUTION` VALUES ('14910ef9-2b84-4a7a-9cdb-d2e4c6a12a8a',NULL,'idp-confirm-link','master','209a1106-f5a8-45c2-938f-ffdb45aa1573',0,10,_binary '\0',NULL,NULL),('1a1b82f8-2cb8-422f-a975-1c0ee5947cf4',NULL,NULL,'master','209a1106-f5a8-45c2-938f-ffdb45aa1573',2,30,_binary '','89872017-cfb2-426e-a73c-b4606834d798',NULL),('1f6b02ea-7e84-476e-bd6a-a7bc7386f895',NULL,'idp-create-user-if-unique','master','38edc728-6b4d-4334-8331-465db8116a7e',2,20,_binary '\0',NULL,'96b03df0-00b3-41c9-9780-800af3efa0d6'),('20b71aa9-98f6-4172-bd73-522b9acf1f11',NULL,'basic-auth-otp','master','cf7c6ce4-07c6-425c-963d-1f472457f3fd',3,30,_binary '\0',NULL,NULL),('2137d318-83b3-4844-b529-6ecd459f72cb',NULL,'reset-otp','master','7811b228-1699-45c7-80e0-c4da232d7f95',1,40,_binary '\0',NULL,NULL),('3ffedd81-079b-4441-bd68-4a7cb7f2d827',NULL,'client-x509','master','2e05d257-2db6-4d46-b386-bd392f67cb1c',2,40,_binary '\0',NULL,NULL),('427b26de-dd4f-4be3-89fe-ad3098d0f4fd',NULL,'registration-user-creation','master','190fd3af-ee79-4123-b240-7d66492de488',0,20,_binary '\0',NULL,NULL),('4339c138-78c1-4131-ad10-60a56ccc75cd',NULL,'reset-credential-email','master','7811b228-1699-45c7-80e0-c4da232d7f95',0,20,_binary '\0',NULL,NULL),('463e79d1-5759-4617-8dcd-042520cf056f',NULL,'auth-spnego','master','cf7c6ce4-07c6-425c-963d-1f472457f3fd',3,40,_binary '\0',NULL,NULL),('4942cc94-9b40-4774-9810-f16b93bc75d3',NULL,'auth-spnego','master','28a81c41-a4f1-446d-a523-e17552d09c8a',3,20,_binary '\0',NULL,NULL),('4ad0598d-0ae5-4d34-9e23-92fcbfec1eeb',NULL,'registration-profile-action','master','190fd3af-ee79-4123-b240-7d66492de488',0,40,_binary '\0',NULL,NULL),('4f3ccb2d-0f9a-4acd-ba69-8eadda3a633d',NULL,'docker-http-basic-authenticator','master','e9a04c78-49df-4ae1-8b0c-d7d050bc41fa',0,10,_binary '\0',NULL,NULL),('53e8648f-daff-48cf-b493-adcb61d8bb51',NULL,NULL,'master','28a81c41-a4f1-446d-a523-e17552d09c8a',2,30,_binary '','dbcda5a9-aff4-4db0-9cc0-9f929951cfe4',NULL),('5fb583ce-5d40-4bd0-b79b-e86b28d08236',NULL,'http-basic-authenticator','master','b5c6dae2-c072-43a2-8bef-8b0b721fce38',0,10,_binary '\0',NULL,NULL),('64a9b17a-0644-4436-82b6-bb4603f69ced',NULL,'direct-grant-validate-username','master','048377ad-e461-4673-9c45-b0b7080b2b1d',0,10,_binary '\0',NULL,NULL),('654754b1-db10-4c69-8ae1-362631831037',NULL,'auth-username-password-form','master','dbcda5a9-aff4-4db0-9cc0-9f929951cfe4',0,10,_binary '\0',NULL,NULL),('6d7c8fb0-71f5-4d9e-872a-9b077ab20798',NULL,'idp-email-verification','master','209a1106-f5a8-45c2-938f-ffdb45aa1573',2,20,_binary '\0',NULL,NULL),('73756828-be6e-40d6-8254-10f9737be267',NULL,'reset-credentials-choose-user','master','7811b228-1699-45c7-80e0-c4da232d7f95',0,10,_binary '\0',NULL,NULL),('7ea5bfb3-90b4-4aa5-8245-e2d4d5e2c283',NULL,'registration-password-action','master','190fd3af-ee79-4123-b240-7d66492de488',0,50,_binary '\0',NULL,NULL),('8381147b-a286-4e49-b904-2891f5ee3ef1',NULL,'no-cookie-redirect','master','cf7c6ce4-07c6-425c-963d-1f472457f3fd',0,10,_binary '\0',NULL,NULL),('86fd5f2b-9dc1-4718-bfd1-0708e22318e4',NULL,'client-jwt','master','2e05d257-2db6-4d46-b386-bd392f67cb1c',2,20,_binary '\0',NULL,NULL),('89bd8104-c548-4c5e-bdcf-27c1fe05014f',NULL,NULL,'master','38edc728-6b4d-4334-8331-465db8116a7e',2,30,_binary '','209a1106-f5a8-45c2-938f-ffdb45aa1573',NULL),('8bb878f8-da0d-4ee4-9e03-519298406525',NULL,'direct-grant-validate-otp','master','048377ad-e461-4673-9c45-b0b7080b2b1d',1,30,_binary '\0',NULL,NULL),('8e649703-59a1-461c-9ba9-8273c2f04a9a',NULL,'client-secret','master','2e05d257-2db6-4d46-b386-bd392f67cb1c',2,10,_binary '\0',NULL,NULL),('8eb6812c-08d0-45a0-9f8f-9530bffd9657',NULL,'identity-provider-redirector','master','28a81c41-a4f1-446d-a523-e17552d09c8a',2,25,_binary '\0',NULL,NULL),('97cc0042-df32-4c93-bea7-bb42ebd1711b',NULL,'basic-auth','master','cf7c6ce4-07c6-425c-963d-1f472457f3fd',0,20,_binary '\0',NULL,NULL),('9897eab3-0d7b-4ce8-8db3-2dceaa7660ee',NULL,'registration-page-form','master','3c8d99a7-a500-4e25-b82e-002e9e557ebd',0,10,_binary '','190fd3af-ee79-4123-b240-7d66492de488',NULL),('ae572877-79bb-4587-8d78-91e68fa677d7',NULL,'idp-username-password-form','master','89872017-cfb2-426e-a73c-b4606834d798',0,10,_binary '\0',NULL,NULL),('b759ec72-8a26-4558-8902-485dc83f06ea',NULL,'reset-password','master','7811b228-1699-45c7-80e0-c4da232d7f95',0,30,_binary '\0',NULL,NULL),('bc232444-cab2-4afe-a01a-68642da394d1',NULL,'idp-review-profile','master','38edc728-6b4d-4334-8331-465db8116a7e',0,10,_binary '\0',NULL,'7b984413-b08c-4279-8a1d-0ff4d2c654da'),('be3efc20-a3c7-4dc3-ad00-a1b468b9b202',NULL,'auth-cookie','master','28a81c41-a4f1-446d-a523-e17552d09c8a',2,10,_binary '\0',NULL,NULL),('c526cc00-c42a-4100-a96b-542b493d2ba7',NULL,'auth-otp-form','master','dbcda5a9-aff4-4db0-9cc0-9f929951cfe4',1,20,_binary '\0',NULL,NULL),('dc481437-8a5d-4d30-992e-1fafe59e8c72',NULL,'client-secret-jwt','master','2e05d257-2db6-4d46-b386-bd392f67cb1c',2,30,_binary '\0',NULL,NULL),('e4b4f9d7-4fcc-4f43-908f-780f7dabf260',NULL,'direct-grant-validate-password','master','048377ad-e461-4673-9c45-b0b7080b2b1d',0,20,_binary '\0',NULL,NULL),('e657c5a0-e78b-48d1-bc4b-0cdd79f743de',NULL,'auth-otp-form','master','89872017-cfb2-426e-a73c-b4606834d798',1,20,_binary '\0',NULL,NULL),('fa988ac8-1867-428e-905f-2fc599eadf93',NULL,'registration-recaptcha-action','master','190fd3af-ee79-4123-b240-7d66492de488',3,60,_binary '\0',NULL,NULL);
/*!40000 ALTER TABLE `AUTHENTICATION_EXECUTION` ENABLE KEYS */;
UNLOCK TABLES;

--
-- Table structure for table `AUTHENTICATION_FLOW`
--

DROP TABLE IF EXISTS `AUTHENTICATION_FLOW`;
/*!40101 SET @saved_cs_client     = @@character_set_client */;
 SET character_set_client = utf8mb4 ;
CREATE TABLE `AUTHENTICATION_FLOW` (
  `ID` varchar(36) NOT NULL,
  `ALIAS` varchar(255) DEFAULT NULL,
  `DESCRIPTION` varchar(255) CHARACTER SET utf8 COLLATE utf8_general_ci DEFAULT NULL,
  `REALM_ID` varchar(36) DEFAULT NULL,
  `PROVIDER_ID` varchar(36) NOT NULL DEFAULT 'basic-flow',
  `TOP_LEVEL` bit(1) NOT NULL DEFAULT b'0',
  `BUILT_IN` bit(1) NOT NULL DEFAULT b'0',
  PRIMARY KEY (`ID`),
  KEY `IDX_AUTH_FLOW_REALM` (`REALM_ID`),
  CONSTRAINT `FK_AUTH_FLOW_REALM` FOREIGN KEY (`REALM_ID`) REFERENCES `REALM` (`ID`)
) ENGINE=InnoDB DEFAULT CHARSET=utf8;
/*!40101 SET character_set_client = @saved_cs_client */;

--
-- Dumping data for table `AUTHENTICATION_FLOW`
--

LOCK TABLES `AUTHENTICATION_FLOW` WRITE;
/*!40000 ALTER TABLE `AUTHENTICATION_FLOW` DISABLE KEYS */;
INSERT INTO `AUTHENTICATION_FLOW` VALUES ('048377ad-e461-4673-9c45-b0b7080b2b1d','direct grant','OpenID Connect Resource Owner Grant','master','basic-flow',_binary '',_binary ''),('190fd3af-ee79-4123-b240-7d66492de488','registration form','registration form','master','form-flow',_binary '\0',_binary ''),('209a1106-f5a8-45c2-938f-ffdb45aa1573','Handle Existing Account','Handle what to do if there is existing account with same email/username like authenticated identity provider','master','basic-flow',_binary '\0',_binary ''),('28a81c41-a4f1-446d-a523-e17552d09c8a','browser','browser based authentication','master','basic-flow',_binary '',_binary ''),('2e05d257-2db6-4d46-b386-bd392f67cb1c','clients','Base authentication for clients','master','client-flow',_binary '',_binary ''),('38edc728-6b4d-4334-8331-465db8116a7e','first broker login','Actions taken after first broker login with identity provider account, which is not yet linked to any Keycloak account','master','basic-flow',_binary '',_binary ''),('3c8d99a7-a500-4e25-b82e-002e9e557ebd','registration','registration flow','master','basic-flow',_binary '',_binary ''),('7811b228-1699-45c7-80e0-c4da232d7f95','reset credentials','Reset credentials for a user if they forgot their password or something','master','basic-flow',_binary '',_binary ''),('89872017-cfb2-426e-a73c-b4606834d798','Verify Existing Account by Re-authentication','Reauthentication of existing account','master','basic-flow',_binary '\0',_binary ''),('b5c6dae2-c072-43a2-8bef-8b0b721fce38','saml ecp','SAML ECP Profile Authentication Flow','master','basic-flow',_binary '',_binary ''),('cf7c6ce4-07c6-425c-963d-1f472457f3fd','http challenge','An authentication flow based on challenge-response HTTP Authentication Schemes','master','basic-flow',_binary '',_binary ''),('dbcda5a9-aff4-4db0-9cc0-9f929951cfe4','forms','Username, password, otp and other auth forms.','master','basic-flow',_binary '\0',_binary ''),('e9a04c78-49df-4ae1-8b0c-d7d050bc41fa','docker auth','Used by Docker clients to authenticate against the IDP','master','basic-flow',_binary '',_binary '');
/*!40000 ALTER TABLE `AUTHENTICATION_FLOW` ENABLE KEYS */;
UNLOCK TABLES;

--
-- Table structure for table `AUTHENTICATOR_CONFIG`
--

DROP TABLE IF EXISTS `AUTHENTICATOR_CONFIG`;
/*!40101 SET @saved_cs_client     = @@character_set_client */;
 SET character_set_client = utf8mb4 ;
CREATE TABLE `AUTHENTICATOR_CONFIG` (
  `ID` varchar(36) NOT NULL,
  `ALIAS` varchar(255) DEFAULT NULL,
  `REALM_ID` varchar(36) DEFAULT NULL,
  PRIMARY KEY (`ID`),
  KEY `IDX_AUTH_CONFIG_REALM` (`REALM_ID`),
  CONSTRAINT `FK_AUTH_REALM` FOREIGN KEY (`REALM_ID`) REFERENCES `REALM` (`ID`)
) ENGINE=InnoDB DEFAULT CHARSET=utf8;
/*!40101 SET character_set_client = @saved_cs_client */;

--
-- Dumping data for table `AUTHENTICATOR_CONFIG`
--

LOCK TABLES `AUTHENTICATOR_CONFIG` WRITE;
/*!40000 ALTER TABLE `AUTHENTICATOR_CONFIG` DISABLE KEYS */;
INSERT INTO `AUTHENTICATOR_CONFIG` VALUES ('7b984413-b08c-4279-8a1d-0ff4d2c654da','review profile config','master'),('96b03df0-00b3-41c9-9780-800af3efa0d6','create unique user config','master');
/*!40000 ALTER TABLE `AUTHENTICATOR_CONFIG` ENABLE KEYS */;
UNLOCK TABLES;

--
-- Table structure for table `AUTHENTICATOR_CONFIG_ENTRY`
--

DROP TABLE IF EXISTS `AUTHENTICATOR_CONFIG_ENTRY`;
/*!40101 SET @saved_cs_client     = @@character_set_client */;
 SET character_set_client = utf8mb4 ;
CREATE TABLE `AUTHENTICATOR_CONFIG_ENTRY` (
  `AUTHENTICATOR_ID` varchar(36) NOT NULL,
  `VALUE` longtext,
  `NAME` varchar(255) NOT NULL,
  PRIMARY KEY (`AUTHENTICATOR_ID`,`NAME`)
) ENGINE=InnoDB DEFAULT CHARSET=utf8;
/*!40101 SET character_set_client = @saved_cs_client */;

--
-- Dumping data for table `AUTHENTICATOR_CONFIG_ENTRY`
--

LOCK TABLES `AUTHENTICATOR_CONFIG_ENTRY` WRITE;
/*!40000 ALTER TABLE `AUTHENTICATOR_CONFIG_ENTRY` DISABLE KEYS */;
INSERT INTO `AUTHENTICATOR_CONFIG_ENTRY` VALUES ('7b984413-b08c-4279-8a1d-0ff4d2c654da','missing','update.profile.on.first.login'),('96b03df0-00b3-41c9-9780-800af3efa0d6','false','require.password.update.after.registration');
/*!40000 ALTER TABLE `AUTHENTICATOR_CONFIG_ENTRY` ENABLE KEYS */;
UNLOCK TABLES;

--
-- Table structure for table `BROKER_LINK`
--

DROP TABLE IF EXISTS `BROKER_LINK`;
/*!40101 SET @saved_cs_client     = @@character_set_client */;
 SET character_set_client = utf8mb4 ;
CREATE TABLE `BROKER_LINK` (
  `IDENTITY_PROVIDER` varchar(255) NOT NULL,
  `STORAGE_PROVIDER_ID` varchar(255) DEFAULT NULL,
  `REALM_ID` varchar(36) NOT NULL,
  `BROKER_USER_ID` varchar(255) DEFAULT NULL,
  `BROKER_USERNAME` varchar(255) DEFAULT NULL,
  `TOKEN` text,
  `USER_ID` varchar(255) NOT NULL,
  PRIMARY KEY (`IDENTITY_PROVIDER`,`USER_ID`)
) ENGINE=InnoDB DEFAULT CHARSET=utf8;
/*!40101 SET character_set_client = @saved_cs_client */;

--
-- Dumping data for table `BROKER_LINK`
--

LOCK TABLES `BROKER_LINK` WRITE;
/*!40000 ALTER TABLE `BROKER_LINK` DISABLE KEYS */;
/*!40000 ALTER TABLE `BROKER_LINK` ENABLE KEYS */;
UNLOCK TABLES;

--
-- Table structure for table `CLIENT`
--

DROP TABLE IF EXISTS `CLIENT`;
/*!40101 SET @saved_cs_client     = @@character_set_client */;
 SET character_set_client = utf8mb4 ;
CREATE TABLE `CLIENT` (
  `ID` varchar(36) NOT NULL,
  `ENABLED` bit(1) NOT NULL DEFAULT b'0',
  `FULL_SCOPE_ALLOWED` bit(1) NOT NULL DEFAULT b'0',
  `CLIENT_ID` varchar(255) DEFAULT NULL,
  `NOT_BEFORE` int(11) DEFAULT NULL,
  `PUBLIC_CLIENT` bit(1) NOT NULL DEFAULT b'0',
  `SECRET` varchar(255) DEFAULT NULL,
  `BASE_URL` varchar(255) DEFAULT NULL,
  `BEARER_ONLY` bit(1) NOT NULL DEFAULT b'0',
  `MANAGEMENT_URL` varchar(255) DEFAULT NULL,
  `SURROGATE_AUTH_REQUIRED` bit(1) NOT NULL DEFAULT b'0',
  `REALM_ID` varchar(36) DEFAULT NULL,
  `PROTOCOL` varchar(255) DEFAULT NULL,
  `NODE_REREG_TIMEOUT` int(11) DEFAULT '0',
  `FRONTCHANNEL_LOGOUT` bit(1) NOT NULL DEFAULT b'0',
  `CONSENT_REQUIRED` bit(1) NOT NULL DEFAULT b'0',
  `NAME` varchar(255) CHARACTER SET utf8 COLLATE utf8_general_ci DEFAULT NULL,
  `SERVICE_ACCOUNTS_ENABLED` bit(1) NOT NULL DEFAULT b'0',
  `CLIENT_AUTHENTICATOR_TYPE` varchar(255) DEFAULT NULL,
  `ROOT_URL` varchar(255) DEFAULT NULL,
  `DESCRIPTION` varchar(255) CHARACTER SET utf8 COLLATE utf8_general_ci DEFAULT NULL,
  `REGISTRATION_TOKEN` varchar(255) DEFAULT NULL,
  `STANDARD_FLOW_ENABLED` bit(1) NOT NULL DEFAULT b'1',
  `IMPLICIT_FLOW_ENABLED` bit(1) NOT NULL DEFAULT b'0',
  `DIRECT_ACCESS_GRANTS_ENABLED` bit(1) NOT NULL DEFAULT b'0',
  PRIMARY KEY (`ID`),
  UNIQUE KEY `UK_B71CJLBENV945RB6GCON438AT` (`REALM_ID`,`CLIENT_ID`),
  CONSTRAINT `FK_P56CTINXXB9GSK57FO49F9TAC` FOREIGN KEY (`REALM_ID`) REFERENCES `REALM` (`ID`)
) ENGINE=InnoDB DEFAULT CHARSET=utf8;
/*!40101 SET character_set_client = @saved_cs_client */;

--
-- Dumping data for table `CLIENT`
--

LOCK TABLES `CLIENT` WRITE;
/*!40000 ALTER TABLE `CLIENT` DISABLE KEYS */;
INSERT INTO `CLIENT` VALUES ('48c49f77-fbcc-4c38-b5f4-bba51011458b',_binary '',_binary '\0','account',0,_binary '\0','4da3dde6-c70a-48a9-aa2a-7f051bc60874','/auth/realms/master/account',_binary '\0',NULL,_binary '\0','master','openid-connect',0,_binary '\0',_binary '\0','${client_account}',_binary '\0','client-secret',NULL,NULL,NULL,_binary '',_binary '\0',_binary '\0'),('714e9403-6b3d-490d-b041-f4f6cf2ca915',_binary '',_binary '\0','admin-cli',0,_binary '','029cd3cb-4b6a-4622-9bd0-bd256fc0d1f5',NULL,_binary '\0',NULL,_binary '\0','master','openid-connect',0,_binary '\0',_binary '\0','${client_admin-cli}',_binary '\0','client-secret',NULL,NULL,NULL,_binary '\0',_binary '\0',_binary ''),('8e0021cc-698f-4ae1-b644-90a2895f521b',_binary '',_binary '','master-realm',0,_binary '\0','cb7da8c2-602c-4600-99f6-f0d44590cdb1',NULL,_binary '',NULL,_binary '\0','master',NULL,0,_binary '\0',_binary '\0','master Realm',_binary '\0','client-secret',NULL,NULL,NULL,_binary '',_binary '\0',_binary '\0'),('9b10f0e1-21a9-46be-8592-57b7d660ac44',_binary '',_binary '\0','security-admin-console',0,_binary '','ba3d4327-0ba8-4643-83a9-0475dd9fef06','/auth/admin/master/console/index.html',_binary '\0',NULL,_binary '\0','master','openid-connect',0,_binary '\0',_binary '\0','${client_security-admin-console}',_binary '\0','client-secret',NULL,NULL,NULL,_binary '',_binary '\0',_binary '\0'),('b4665221-f991-4d5a-b8f9-f3468433d2d7',_binary '',_binary '\0','broker',0,_binary '\0','908d7e23-12a8-4cc6-9a4e-4ee2267974c2',NULL,_binary '\0',NULL,_binary '\0','master','openid-connect',0,_binary '\0',_binary '\0','${client_broker}',_binary '\0','client-secret',NULL,NULL,NULL,_binary '',_binary '\0',_binary '\0');
/*!40000 ALTER TABLE `CLIENT` ENABLE KEYS */;
UNLOCK TABLES;

--
-- Table structure for table `CLIENT_ATTRIBUTES`
--

DROP TABLE IF EXISTS `CLIENT_ATTRIBUTES`;
/*!40101 SET @saved_cs_client     = @@character_set_client */;
 SET character_set_client = utf8mb4 ;
CREATE TABLE `CLIENT_ATTRIBUTES` (
  `CLIENT_ID` varchar(36) NOT NULL,
  `VALUE` varchar(4000) DEFAULT NULL,
  `NAME` varchar(255) NOT NULL,
  PRIMARY KEY (`CLIENT_ID`,`NAME`),
  CONSTRAINT `FK3C47C64BEACCA966` FOREIGN KEY (`CLIENT_ID`) REFERENCES `CLIENT` (`ID`)
) ENGINE=InnoDB DEFAULT CHARSET=utf8;
/*!40101 SET character_set_client = @saved_cs_client */;

--
-- Dumping data for table `CLIENT_ATTRIBUTES`
--

LOCK TABLES `CLIENT_ATTRIBUTES` WRITE;
/*!40000 ALTER TABLE `CLIENT_ATTRIBUTES` DISABLE KEYS */;
/*!40000 ALTER TABLE `CLIENT_ATTRIBUTES` ENABLE KEYS */;
UNLOCK TABLES;

--
-- Table structure for table `CLIENT_AUTH_FLOW_BINDINGS`
--

DROP TABLE IF EXISTS `CLIENT_AUTH_FLOW_BINDINGS`;
/*!40101 SET @saved_cs_client     = @@character_set_client */;
 SET character_set_client = utf8mb4 ;
CREATE TABLE `CLIENT_AUTH_FLOW_BINDINGS` (
  `CLIENT_ID` varchar(36) NOT NULL,
  `FLOW_ID` varchar(36) DEFAULT NULL,
  `BINDING_NAME` varchar(255) NOT NULL,
  PRIMARY KEY (`CLIENT_ID`,`BINDING_NAME`)
) ENGINE=InnoDB DEFAULT CHARSET=utf8;
/*!40101 SET character_set_client = @saved_cs_client */;

--
-- Dumping data for table `CLIENT_AUTH_FLOW_BINDINGS`
--

LOCK TABLES `CLIENT_AUTH_FLOW_BINDINGS` WRITE;
/*!40000 ALTER TABLE `CLIENT_AUTH_FLOW_BINDINGS` DISABLE KEYS */;
/*!40000 ALTER TABLE `CLIENT_AUTH_FLOW_BINDINGS` ENABLE KEYS */;
UNLOCK TABLES;

--
-- Table structure for table `CLIENT_DEFAULT_ROLES`
--

DROP TABLE IF EXISTS `CLIENT_DEFAULT_ROLES`;
/*!40101 SET @saved_cs_client     = @@character_set_client */;
 SET character_set_client = utf8mb4 ;
CREATE TABLE `CLIENT_DEFAULT_ROLES` (
  `CLIENT_ID` varchar(36) NOT NULL,
  `ROLE_ID` varchar(36) NOT NULL,
  PRIMARY KEY (`CLIENT_ID`,`ROLE_ID`),
  UNIQUE KEY `UK_8AELWNIBJI49AVXSRTUF6XJOW` (`ROLE_ID`),
  KEY `IDX_CLIENT_DEF_ROLES_CLIENT` (`CLIENT_ID`),
  CONSTRAINT `FK_8AELWNIBJI49AVXSRTUF6XJOW` FOREIGN KEY (`ROLE_ID`) REFERENCES `KEYCLOAK_ROLE` (`ID`),
  CONSTRAINT `FK_NUILTS7KLWQW2H8M2B5JOYTKY` FOREIGN KEY (`CLIENT_ID`) REFERENCES `CLIENT` (`ID`)
) ENGINE=InnoDB DEFAULT CHARSET=utf8;
/*!40101 SET character_set_client = @saved_cs_client */;

--
-- Dumping data for table `CLIENT_DEFAULT_ROLES`
--

LOCK TABLES `CLIENT_DEFAULT_ROLES` WRITE;
/*!40000 ALTER TABLE `CLIENT_DEFAULT_ROLES` DISABLE KEYS */;
INSERT INTO `CLIENT_DEFAULT_ROLES` VALUES ('48c49f77-fbcc-4c38-b5f4-bba51011458b','5e13f194-516f-459d-a0ca-7dbb79012186'),('48c49f77-fbcc-4c38-b5f4-bba51011458b','5f4be1b8-4687-4a86-abe0-e82deddffc6f');
/*!40000 ALTER TABLE `CLIENT_DEFAULT_ROLES` ENABLE KEYS */;
UNLOCK TABLES;

--
-- Table structure for table `CLIENT_INITIAL_ACCESS`
--

DROP TABLE IF EXISTS `CLIENT_INITIAL_ACCESS`;
/*!40101 SET @saved_cs_client     = @@character_set_client */;
 SET character_set_client = utf8mb4 ;
CREATE TABLE `CLIENT_INITIAL_ACCESS` (
  `ID` varchar(36) NOT NULL,
  `REALM_ID` varchar(36) NOT NULL,
  `TIMESTAMP` int(11) DEFAULT NULL,
  `EXPIRATION` int(11) DEFAULT NULL,
  `COUNT` int(11) DEFAULT NULL,
  `REMAINING_COUNT` int(11) DEFAULT NULL,
  PRIMARY KEY (`ID`),
  KEY `IDX_CLIENT_INIT_ACC_REALM` (`REALM_ID`),
  CONSTRAINT `FK_CLIENT_INIT_ACC_REALM` FOREIGN KEY (`REALM_ID`) REFERENCES `REALM` (`ID`)
) ENGINE=InnoDB DEFAULT CHARSET=utf8;
/*!40101 SET character_set_client = @saved_cs_client */;

--
-- Dumping data for table `CLIENT_INITIAL_ACCESS`
--

LOCK TABLES `CLIENT_INITIAL_ACCESS` WRITE;
/*!40000 ALTER TABLE `CLIENT_INITIAL_ACCESS` DISABLE KEYS */;
/*!40000 ALTER TABLE `CLIENT_INITIAL_ACCESS` ENABLE KEYS */;
UNLOCK TABLES;

--
-- Table structure for table `CLIENT_NODE_REGISTRATIONS`
--

DROP TABLE IF EXISTS `CLIENT_NODE_REGISTRATIONS`;
/*!40101 SET @saved_cs_client     = @@character_set_client */;
 SET character_set_client = utf8mb4 ;
CREATE TABLE `CLIENT_NODE_REGISTRATIONS` (
  `CLIENT_ID` varchar(36) NOT NULL,
  `VALUE` int(11) DEFAULT NULL,
  `NAME` varchar(255) NOT NULL,
  PRIMARY KEY (`CLIENT_ID`,`NAME`),
  CONSTRAINT `FK4129723BA992F594` FOREIGN KEY (`CLIENT_ID`) REFERENCES `CLIENT` (`ID`)
) ENGINE=InnoDB DEFAULT CHARSET=utf8;
/*!40101 SET character_set_client = @saved_cs_client */;

--
-- Dumping data for table `CLIENT_NODE_REGISTRATIONS`
--

LOCK TABLES `CLIENT_NODE_REGISTRATIONS` WRITE;
/*!40000 ALTER TABLE `CLIENT_NODE_REGISTRATIONS` DISABLE KEYS */;
/*!40000 ALTER TABLE `CLIENT_NODE_REGISTRATIONS` ENABLE KEYS */;
UNLOCK TABLES;

--
-- Table structure for table `CLIENT_SCOPE`
--

DROP TABLE IF EXISTS `CLIENT_SCOPE`;
/*!40101 SET @saved_cs_client     = @@character_set_client */;
 SET character_set_client = utf8mb4 ;
CREATE TABLE `CLIENT_SCOPE` (
  `ID` varchar(36) NOT NULL,
  `NAME` varchar(255) DEFAULT NULL,
  `REALM_ID` varchar(36) DEFAULT NULL,
  `DESCRIPTION` varchar(255) CHARACTER SET utf8 COLLATE utf8_general_ci DEFAULT NULL,
  `PROTOCOL` varchar(255) DEFAULT NULL,
  PRIMARY KEY (`ID`),
  UNIQUE KEY `UK_CLI_SCOPE` (`REALM_ID`,`NAME`),
  KEY `IDX_REALM_CLSCOPE` (`REALM_ID`),
  CONSTRAINT `FK_REALM_CLI_SCOPE` FOREIGN KEY (`REALM_ID`) REFERENCES `REALM` (`ID`)
) ENGINE=InnoDB DEFAULT CHARSET=utf8;
/*!40101 SET character_set_client = @saved_cs_client */;

--
-- Dumping data for table `CLIENT_SCOPE`
--

LOCK TABLES `CLIENT_SCOPE` WRITE;
/*!40000 ALTER TABLE `CLIENT_SCOPE` DISABLE KEYS */;
INSERT INTO `CLIENT_SCOPE` VALUES ('1929a774-a4a3-4fea-a6cb-9de3a80673f7','profile','master','OpenID Connect built-in scope: profile','openid-connect'),('298c41f9-4a05-45cb-a7ca-3714f621b6d3','web-origins','master','OpenID Connect scope for add allowed web origins to the access token','openid-connect'),('39e8360b-cce4-4e3d-b130-298cbbd9cb08','email','master','OpenID Connect built-in scope: email','openid-connect'),('6f00f96f-d999-499a-bd4f-e9ab4aa1309b','roles','master','OpenID Connect scope for add user roles to the access token','openid-connect'),('7a22cd3d-b686-436b-b60b-c2cc47a170ce','address','master','OpenID Connect built-in scope: address','openid-connect'),('7f616719-b215-445f-8f85-18ee8f115310','role_list','master','SAML role list','saml'),('b70579fe-fde9-4c69-a0b3-40abc4413fee','microprofile-jwt','master','Microprofile - JWT built-in scope','openid-connect'),('bbc152ee-56a4-4e83-8f0d-0eed69839976','offline_access','master','OpenID Connect built-in scope: offline_access','openid-connect'),('e10107df-0a81-4e99-ba39-abd5ff7c6ef6','phone','master','OpenID Connect built-in scope: phone','openid-connect');
/*!40000 ALTER TABLE `CLIENT_SCOPE` ENABLE KEYS */;
UNLOCK TABLES;

--
-- Table structure for table `CLIENT_SCOPE_ATTRIBUTES`
--

DROP TABLE IF EXISTS `CLIENT_SCOPE_ATTRIBUTES`;
/*!40101 SET @saved_cs_client     = @@character_set_client */;
 SET character_set_client = utf8mb4 ;
CREATE TABLE `CLIENT_SCOPE_ATTRIBUTES` (
  `SCOPE_ID` varchar(36) NOT NULL,
  `VALUE` varchar(2048) DEFAULT NULL,
  `NAME` varchar(255) NOT NULL,
  PRIMARY KEY (`SCOPE_ID`,`NAME`),
  KEY `IDX_CLSCOPE_ATTRS` (`SCOPE_ID`),
  CONSTRAINT `FK_CL_SCOPE_ATTR_SCOPE` FOREIGN KEY (`SCOPE_ID`) REFERENCES `CLIENT_SCOPE` (`ID`)
) ENGINE=InnoDB DEFAULT CHARSET=utf8;
/*!40101 SET character_set_client = @saved_cs_client */;

--
-- Dumping data for table `CLIENT_SCOPE_ATTRIBUTES`
--

LOCK TABLES `CLIENT_SCOPE_ATTRIBUTES` WRITE;
/*!40000 ALTER TABLE `CLIENT_SCOPE_ATTRIBUTES` DISABLE KEYS */;
INSERT INTO `CLIENT_SCOPE_ATTRIBUTES` VALUES ('1929a774-a4a3-4fea-a6cb-9de3a80673f7','${profileScopeConsentText}','consent.screen.text'),('1929a774-a4a3-4fea-a6cb-9de3a80673f7','true','display.on.consent.screen'),('1929a774-a4a3-4fea-a6cb-9de3a80673f7','true','include.in.token.scope'),('298c41f9-4a05-45cb-a7ca-3714f621b6d3','','consent.screen.text'),('298c41f9-4a05-45cb-a7ca-3714f621b6d3','false','display.on.consent.screen'),('298c41f9-4a05-45cb-a7ca-3714f621b6d3','false','include.in.token.scope'),('39e8360b-cce4-4e3d-b130-298cbbd9cb08','${emailScopeConsentText}','consent.screen.text'),('39e8360b-cce4-4e3d-b130-298cbbd9cb08','true','display.on.consent.screen'),('39e8360b-cce4-4e3d-b130-298cbbd9cb08','true','include.in.token.scope'),('6f00f96f-d999-499a-bd4f-e9ab4aa1309b','${rolesScopeConsentText}','consent.screen.text'),('6f00f96f-d999-499a-bd4f-e9ab4aa1309b','true','display.on.consent.screen'),('6f00f96f-d999-499a-bd4f-e9ab4aa1309b','false','include.in.token.scope'),('7a22cd3d-b686-436b-b60b-c2cc47a170ce','${addressScopeConsentText}','consent.screen.text'),('7a22cd3d-b686-436b-b60b-c2cc47a170ce','true','display.on.consent.screen'),('7a22cd3d-b686-436b-b60b-c2cc47a170ce','true','include.in.token.scope'),('7f616719-b215-445f-8f85-18ee8f115310','${samlRoleListScopeConsentText}','consent.screen.text'),('7f616719-b215-445f-8f85-18ee8f115310','true','display.on.consent.screen'),('b70579fe-fde9-4c69-a0b3-40abc4413fee','false','display.on.consent.screen'),('b70579fe-fde9-4c69-a0b3-40abc4413fee','true','include.in.token.scope'),('bbc152ee-56a4-4e83-8f0d-0eed69839976','${offlineAccessScopeConsentText}','consent.screen.text'),('bbc152ee-56a4-4e83-8f0d-0eed69839976','true','display.on.consent.screen'),('e10107df-0a81-4e99-ba39-abd5ff7c6ef6','${phoneScopeConsentText}','consent.screen.text'),('e10107df-0a81-4e99-ba39-abd5ff7c6ef6','true','display.on.consent.screen'),('e10107df-0a81-4e99-ba39-abd5ff7c6ef6','true','include.in.token.scope');
/*!40000 ALTER TABLE `CLIENT_SCOPE_ATTRIBUTES` ENABLE KEYS */;
UNLOCK TABLES;

--
-- Table structure for table `CLIENT_SCOPE_CLIENT`
--

DROP TABLE IF EXISTS `CLIENT_SCOPE_CLIENT`;
/*!40101 SET @saved_cs_client     = @@character_set_client */;
 SET character_set_client = utf8mb4 ;
CREATE TABLE `CLIENT_SCOPE_CLIENT` (
  `CLIENT_ID` varchar(36) NOT NULL,
  `SCOPE_ID` varchar(36) NOT NULL,
  `DEFAULT_SCOPE` bit(1) NOT NULL DEFAULT b'0',
  PRIMARY KEY (`CLIENT_ID`,`SCOPE_ID`),
  KEY `IDX_CLSCOPE_CL` (`CLIENT_ID`),
  KEY `IDX_CL_CLSCOPE` (`SCOPE_ID`),
  CONSTRAINT `FK_C_CLI_SCOPE_CLIENT` FOREIGN KEY (`CLIENT_ID`) REFERENCES `CLIENT` (`ID`),
  CONSTRAINT `FK_C_CLI_SCOPE_SCOPE` FOREIGN KEY (`SCOPE_ID`) REFERENCES `CLIENT_SCOPE` (`ID`)
) ENGINE=InnoDB DEFAULT CHARSET=utf8;
/*!40101 SET character_set_client = @saved_cs_client */;

--
-- Dumping data for table `CLIENT_SCOPE_CLIENT`
--

LOCK TABLES `CLIENT_SCOPE_CLIENT` WRITE;
/*!40000 ALTER TABLE `CLIENT_SCOPE_CLIENT` DISABLE KEYS */;
INSERT INTO `CLIENT_SCOPE_CLIENT` VALUES ('48c49f77-fbcc-4c38-b5f4-bba51011458b','1929a774-a4a3-4fea-a6cb-9de3a80673f7',_binary ''),('48c49f77-fbcc-4c38-b5f4-bba51011458b','298c41f9-4a05-45cb-a7ca-3714f621b6d3',_binary ''),('48c49f77-fbcc-4c38-b5f4-bba51011458b','39e8360b-cce4-4e3d-b130-298cbbd9cb08',_binary ''),('48c49f77-fbcc-4c38-b5f4-bba51011458b','6f00f96f-d999-499a-bd4f-e9ab4aa1309b',_binary ''),('48c49f77-fbcc-4c38-b5f4-bba51011458b','7a22cd3d-b686-436b-b60b-c2cc47a170ce',_binary '\0'),('48c49f77-fbcc-4c38-b5f4-bba51011458b','7f616719-b215-445f-8f85-18ee8f115310',_binary ''),('48c49f77-fbcc-4c38-b5f4-bba51011458b','b70579fe-fde9-4c69-a0b3-40abc4413fee',_binary '\0'),('48c49f77-fbcc-4c38-b5f4-bba51011458b','bbc152ee-56a4-4e83-8f0d-0eed69839976',_binary '\0'),('48c49f77-fbcc-4c38-b5f4-bba51011458b','e10107df-0a81-4e99-ba39-abd5ff7c6ef6',_binary '\0'),('714e9403-6b3d-490d-b041-f4f6cf2ca915','1929a774-a4a3-4fea-a6cb-9de3a80673f7',_binary ''),('714e9403-6b3d-490d-b041-f4f6cf2ca915','298c41f9-4a05-45cb-a7ca-3714f621b6d3',_binary ''),('714e9403-6b3d-490d-b041-f4f6cf2ca915','39e8360b-cce4-4e3d-b130-298cbbd9cb08',_binary ''),('714e9403-6b3d-490d-b041-f4f6cf2ca915','6f00f96f-d999-499a-bd4f-e9ab4aa1309b',_binary ''),('714e9403-6b3d-490d-b041-f4f6cf2ca915','7a22cd3d-b686-436b-b60b-c2cc47a170ce',_binary '\0'),('714e9403-6b3d-490d-b041-f4f6cf2ca915','7f616719-b215-445f-8f85-18ee8f115310',_binary ''),('714e9403-6b3d-490d-b041-f4f6cf2ca915','b70579fe-fde9-4c69-a0b3-40abc4413fee',_binary '\0'),('714e9403-6b3d-490d-b041-f4f6cf2ca915','bbc152ee-56a4-4e83-8f0d-0eed69839976',_binary '\0'),('714e9403-6b3d-490d-b041-f4f6cf2ca915','e10107df-0a81-4e99-ba39-abd5ff7c6ef6',_binary '\0'),('8e0021cc-698f-4ae1-b644-90a2895f521b','1929a774-a4a3-4fea-a6cb-9de3a80673f7',_binary ''),('8e0021cc-698f-4ae1-b644-90a2895f521b','298c41f9-4a05-45cb-a7ca-3714f621b6d3',_binary ''),('8e0021cc-698f-4ae1-b644-90a2895f521b','39e8360b-cce4-4e3d-b130-298cbbd9cb08',_binary ''),('8e0021cc-698f-4ae1-b644-90a2895f521b','6f00f96f-d999-499a-bd4f-e9ab4aa1309b',_binary ''),('8e0021cc-698f-4ae1-b644-90a2895f521b','7a22cd3d-b686-436b-b60b-c2cc47a170ce',_binary '\0'),('8e0021cc-698f-4ae1-b644-90a2895f521b','7f616719-b215-445f-8f85-18ee8f115310',_binary ''),('8e0021cc-698f-4ae1-b644-90a2895f521b','b70579fe-fde9-4c69-a0b3-40abc4413fee',_binary '\0'),('8e0021cc-698f-4ae1-b644-90a2895f521b','bbc152ee-56a4-4e83-8f0d-0eed69839976',_binary '\0'),('8e0021cc-698f-4ae1-b644-90a2895f521b','e10107df-0a81-4e99-ba39-abd5ff7c6ef6',_binary '\0'),('9b10f0e1-21a9-46be-8592-57b7d660ac44','1929a774-a4a3-4fea-a6cb-9de3a80673f7',_binary ''),('9b10f0e1-21a9-46be-8592-57b7d660ac44','298c41f9-4a05-45cb-a7ca-3714f621b6d3',_binary ''),('9b10f0e1-21a9-46be-8592-57b7d660ac44','39e8360b-cce4-4e3d-b130-298cbbd9cb08',_binary ''),('9b10f0e1-21a9-46be-8592-57b7d660ac44','6f00f96f-d999-499a-bd4f-e9ab4aa1309b',_binary ''),('9b10f0e1-21a9-46be-8592-57b7d660ac44','7a22cd3d-b686-436b-b60b-c2cc47a170ce',_binary '\0'),('9b10f0e1-21a9-46be-8592-57b7d660ac44','7f616719-b215-445f-8f85-18ee8f115310',_binary ''),('9b10f0e1-21a9-46be-8592-57b7d660ac44','b70579fe-fde9-4c69-a0b3-40abc4413fee',_binary '\0'),('9b10f0e1-21a9-46be-8592-57b7d660ac44','bbc152ee-56a4-4e83-8f0d-0eed69839976',_binary '\0'),('9b10f0e1-21a9-46be-8592-57b7d660ac44','e10107df-0a81-4e99-ba39-abd5ff7c6ef6',_binary '\0'),('b4665221-f991-4d5a-b8f9-f3468433d2d7','1929a774-a4a3-4fea-a6cb-9de3a80673f7',_binary ''),('b4665221-f991-4d5a-b8f9-f3468433d2d7','298c41f9-4a05-45cb-a7ca-3714f621b6d3',_binary ''),('b4665221-f991-4d5a-b8f9-f3468433d2d7','39e8360b-cce4-4e3d-b130-298cbbd9cb08',_binary ''),('b4665221-f991-4d5a-b8f9-f3468433d2d7','6f00f96f-d999-499a-bd4f-e9ab4aa1309b',_binary ''),('b4665221-f991-4d5a-b8f9-f3468433d2d7','7a22cd3d-b686-436b-b60b-c2cc47a170ce',_binary '\0'),('b4665221-f991-4d5a-b8f9-f3468433d2d7','7f616719-b215-445f-8f85-18ee8f115310',_binary ''),('b4665221-f991-4d5a-b8f9-f3468433d2d7','b70579fe-fde9-4c69-a0b3-40abc4413fee',_binary '\0'),('b4665221-f991-4d5a-b8f9-f3468433d2d7','bbc152ee-56a4-4e83-8f0d-0eed69839976',_binary '\0'),('b4665221-f991-4d5a-b8f9-f3468433d2d7','e10107df-0a81-4e99-ba39-abd5ff7c6ef6',_binary '\0');
/*!40000 ALTER TABLE `CLIENT_SCOPE_CLIENT` ENABLE KEYS */;
UNLOCK TABLES;

--
-- Table structure for table `CLIENT_SCOPE_ROLE_MAPPING`
--

DROP TABLE IF EXISTS `CLIENT_SCOPE_ROLE_MAPPING`;
/*!40101 SET @saved_cs_client     = @@character_set_client */;
 SET character_set_client = utf8mb4 ;
CREATE TABLE `CLIENT_SCOPE_ROLE_MAPPING` (
  `SCOPE_ID` varchar(36) NOT NULL,
  `ROLE_ID` varchar(36) NOT NULL,
  PRIMARY KEY (`SCOPE_ID`,`ROLE_ID`),
  KEY `IDX_CLSCOPE_ROLE` (`SCOPE_ID`),
  KEY `IDX_ROLE_CLSCOPE` (`ROLE_ID`),
  CONSTRAINT `FK_CL_SCOPE_RM_ROLE` FOREIGN KEY (`ROLE_ID`) REFERENCES `KEYCLOAK_ROLE` (`ID`),
  CONSTRAINT `FK_CL_SCOPE_RM_SCOPE` FOREIGN KEY (`SCOPE_ID`) REFERENCES `CLIENT_SCOPE` (`ID`)
) ENGINE=InnoDB DEFAULT CHARSET=utf8;
/*!40101 SET character_set_client = @saved_cs_client */;

--
-- Dumping data for table `CLIENT_SCOPE_ROLE_MAPPING`
--

LOCK TABLES `CLIENT_SCOPE_ROLE_MAPPING` WRITE;
/*!40000 ALTER TABLE `CLIENT_SCOPE_ROLE_MAPPING` DISABLE KEYS */;
INSERT INTO `CLIENT_SCOPE_ROLE_MAPPING` VALUES ('bbc152ee-56a4-4e83-8f0d-0eed69839976','3bb4ca76-34e5-4bfb-9fd3-7c623bc1d51c');
/*!40000 ALTER TABLE `CLIENT_SCOPE_ROLE_MAPPING` ENABLE KEYS */;
UNLOCK TABLES;

--
-- Table structure for table `CLIENT_SESSION`
--

DROP TABLE IF EXISTS `CLIENT_SESSION`;
/*!40101 SET @saved_cs_client     = @@character_set_client */;
 SET character_set_client = utf8mb4 ;
CREATE TABLE `CLIENT_SESSION` (
  `ID` varchar(36) NOT NULL,
  `CLIENT_ID` varchar(36) DEFAULT NULL,
  `REDIRECT_URI` varchar(255) DEFAULT NULL,
  `STATE` varchar(255) DEFAULT NULL,
  `TIMESTAMP` int(11) DEFAULT NULL,
  `SESSION_ID` varchar(36) DEFAULT NULL,
  `AUTH_METHOD` varchar(255) DEFAULT NULL,
  `REALM_ID` varchar(255) DEFAULT NULL,
  `AUTH_USER_ID` varchar(36) DEFAULT NULL,
  `CURRENT_ACTION` varchar(36) DEFAULT NULL,
  PRIMARY KEY (`ID`),
  KEY `IDX_CLIENT_SESSION_SESSION` (`SESSION_ID`),
  CONSTRAINT `FK_B4AO2VCVAT6UKAU74WBWTFQO1` FOREIGN KEY (`SESSION_ID`) REFERENCES `USER_SESSION` (`ID`)
) ENGINE=InnoDB DEFAULT CHARSET=utf8;
/*!40101 SET character_set_client = @saved_cs_client */;

--
-- Dumping data for table `CLIENT_SESSION`
--

LOCK TABLES `CLIENT_SESSION` WRITE;
/*!40000 ALTER TABLE `CLIENT_SESSION` DISABLE KEYS */;
/*!40000 ALTER TABLE `CLIENT_SESSION` ENABLE KEYS */;
UNLOCK TABLES;

--
-- Table structure for table `CLIENT_SESSION_AUTH_STATUS`
--

DROP TABLE IF EXISTS `CLIENT_SESSION_AUTH_STATUS`;
/*!40101 SET @saved_cs_client     = @@character_set_client */;
 SET character_set_client = utf8mb4 ;
CREATE TABLE `CLIENT_SESSION_AUTH_STATUS` (
  `AUTHENTICATOR` varchar(36) NOT NULL,
  `STATUS` int(11) DEFAULT NULL,
  `CLIENT_SESSION` varchar(36) NOT NULL,
  PRIMARY KEY (`CLIENT_SESSION`,`AUTHENTICATOR`),
  CONSTRAINT `AUTH_STATUS_CONSTRAINT` FOREIGN KEY (`CLIENT_SESSION`) REFERENCES `CLIENT_SESSION` (`ID`)
) ENGINE=InnoDB DEFAULT CHARSET=utf8;
/*!40101 SET character_set_client = @saved_cs_client */;

--
-- Dumping data for table `CLIENT_SESSION_AUTH_STATUS`
--

LOCK TABLES `CLIENT_SESSION_AUTH_STATUS` WRITE;
/*!40000 ALTER TABLE `CLIENT_SESSION_AUTH_STATUS` DISABLE KEYS */;
/*!40000 ALTER TABLE `CLIENT_SESSION_AUTH_STATUS` ENABLE KEYS */;
UNLOCK TABLES;

--
-- Table structure for table `CLIENT_SESSION_NOTE`
--

DROP TABLE IF EXISTS `CLIENT_SESSION_NOTE`;
/*!40101 SET @saved_cs_client     = @@character_set_client */;
 SET character_set_client = utf8mb4 ;
CREATE TABLE `CLIENT_SESSION_NOTE` (
  `NAME` varchar(255) NOT NULL,
  `VALUE` varchar(255) DEFAULT NULL,
  `CLIENT_SESSION` varchar(36) NOT NULL,
  PRIMARY KEY (`CLIENT_SESSION`,`NAME`),
  CONSTRAINT `FK5EDFB00FF51C2736` FOREIGN KEY (`CLIENT_SESSION`) REFERENCES `CLIENT_SESSION` (`ID`)
) ENGINE=InnoDB DEFAULT CHARSET=utf8;
/*!40101 SET character_set_client = @saved_cs_client */;

--
-- Dumping data for table `CLIENT_SESSION_NOTE`
--

LOCK TABLES `CLIENT_SESSION_NOTE` WRITE;
/*!40000 ALTER TABLE `CLIENT_SESSION_NOTE` DISABLE KEYS */;
/*!40000 ALTER TABLE `CLIENT_SESSION_NOTE` ENABLE KEYS */;
UNLOCK TABLES;

--
-- Table structure for table `CLIENT_SESSION_PROT_MAPPER`
--

DROP TABLE IF EXISTS `CLIENT_SESSION_PROT_MAPPER`;
/*!40101 SET @saved_cs_client     = @@character_set_client */;
 SET character_set_client = utf8mb4 ;
CREATE TABLE `CLIENT_SESSION_PROT_MAPPER` (
  `PROTOCOL_MAPPER_ID` varchar(36) NOT NULL,
  `CLIENT_SESSION` varchar(36) NOT NULL,
  PRIMARY KEY (`CLIENT_SESSION`,`PROTOCOL_MAPPER_ID`),
  CONSTRAINT `FK_33A8SGQW18I532811V7O2DK89` FOREIGN KEY (`CLIENT_SESSION`) REFERENCES `CLIENT_SESSION` (`ID`)
) ENGINE=InnoDB DEFAULT CHARSET=utf8;
/*!40101 SET character_set_client = @saved_cs_client */;

--
-- Dumping data for table `CLIENT_SESSION_PROT_MAPPER`
--

LOCK TABLES `CLIENT_SESSION_PROT_MAPPER` WRITE;
/*!40000 ALTER TABLE `CLIENT_SESSION_PROT_MAPPER` DISABLE KEYS */;
/*!40000 ALTER TABLE `CLIENT_SESSION_PROT_MAPPER` ENABLE KEYS */;
UNLOCK TABLES;

--
-- Table structure for table `CLIENT_SESSION_ROLE`
--

DROP TABLE IF EXISTS `CLIENT_SESSION_ROLE`;
/*!40101 SET @saved_cs_client     = @@character_set_client */;
 SET character_set_client = utf8mb4 ;
CREATE TABLE `CLIENT_SESSION_ROLE` (
  `ROLE_ID` varchar(255) NOT NULL,
  `CLIENT_SESSION` varchar(36) NOT NULL,
  PRIMARY KEY (`CLIENT_SESSION`,`ROLE_ID`),
  CONSTRAINT `FK_11B7SGQW18I532811V7O2DV76` FOREIGN KEY (`CLIENT_SESSION`) REFERENCES `CLIENT_SESSION` (`ID`)
) ENGINE=InnoDB DEFAULT CHARSET=utf8;
/*!40101 SET character_set_client = @saved_cs_client */;

--
-- Dumping data for table `CLIENT_SESSION_ROLE`
--

LOCK TABLES `CLIENT_SESSION_ROLE` WRITE;
/*!40000 ALTER TABLE `CLIENT_SESSION_ROLE` DISABLE KEYS */;
/*!40000 ALTER TABLE `CLIENT_SESSION_ROLE` ENABLE KEYS */;
UNLOCK TABLES;

--
-- Table structure for table `CLIENT_USER_SESSION_NOTE`
--

DROP TABLE IF EXISTS `CLIENT_USER_SESSION_NOTE`;
/*!40101 SET @saved_cs_client     = @@character_set_client */;
 SET character_set_client = utf8mb4 ;
CREATE TABLE `CLIENT_USER_SESSION_NOTE` (
  `NAME` varchar(255) NOT NULL,
  `VALUE` varchar(2048) DEFAULT NULL,
  `CLIENT_SESSION` varchar(36) NOT NULL,
  PRIMARY KEY (`CLIENT_SESSION`,`NAME`),
  CONSTRAINT `FK_CL_USR_SES_NOTE` FOREIGN KEY (`CLIENT_SESSION`) REFERENCES `CLIENT_SESSION` (`ID`)
) ENGINE=InnoDB DEFAULT CHARSET=utf8;
/*!40101 SET character_set_client = @saved_cs_client */;

--
-- Dumping data for table `CLIENT_USER_SESSION_NOTE`
--

LOCK TABLES `CLIENT_USER_SESSION_NOTE` WRITE;
/*!40000 ALTER TABLE `CLIENT_USER_SESSION_NOTE` DISABLE KEYS */;
/*!40000 ALTER TABLE `CLIENT_USER_SESSION_NOTE` ENABLE KEYS */;
UNLOCK TABLES;

--
-- Table structure for table `COMPONENT`
--

DROP TABLE IF EXISTS `COMPONENT`;
/*!40101 SET @saved_cs_client     = @@character_set_client */;
 SET character_set_client = utf8mb4 ;
CREATE TABLE `COMPONENT` (
  `ID` varchar(36) NOT NULL,
  `NAME` varchar(255) DEFAULT NULL,
  `PARENT_ID` varchar(36) DEFAULT NULL,
  `PROVIDER_ID` varchar(36) DEFAULT NULL,
  `PROVIDER_TYPE` varchar(255) DEFAULT NULL,
  `REALM_ID` varchar(36) DEFAULT NULL,
  `SUB_TYPE` varchar(255) DEFAULT NULL,
  PRIMARY KEY (`ID`),
  KEY `IDX_COMPONENT_REALM` (`REALM_ID`),
  KEY `IDX_COMPONENT_PROVIDER_TYPE` (`PROVIDER_TYPE`),
  CONSTRAINT `FK_COMPONENT_REALM` FOREIGN KEY (`REALM_ID`) REFERENCES `REALM` (`ID`)
) ENGINE=InnoDB DEFAULT CHARSET=utf8;
/*!40101 SET character_set_client = @saved_cs_client */;

--
-- Dumping data for table `COMPONENT`
--

LOCK TABLES `COMPONENT` WRITE;
/*!40000 ALTER TABLE `COMPONENT` DISABLE KEYS */;
INSERT INTO `COMPONENT` VALUES ('15fc205b-e94f-4231-89e6-b769251650c9','Max Clients Limit','master','max-clients','org.keycloak.services.clientregistration.policy.ClientRegistrationPolicy','master','anonymous'),('29b84655-6851-4498-980a-9430b64279ed','Allowed Protocol Mapper Types','master','allowed-protocol-mappers','org.keycloak.services.clientregistration.policy.ClientRegistrationPolicy','master','authenticated'),('30d93cad-c520-454e-9dc4-5d93efa14f0c','rsa-generated','master','rsa-generated','org.keycloak.keys.KeyProvider','master',NULL),('55d99e21-22f2-4de1-8d66-ef914d693a88','Consent Required','master','consent-required','org.keycloak.services.clientregistration.policy.ClientRegistrationPolicy','master','anonymous'),('5c1c3d09-8f0a-45d8-9ab1-58879012c28b','hmac-generated','master','hmac-generated','org.keycloak.keys.KeyProvider','master',NULL),('72734a34-77b0-4b39-8ea3-aff541795e67','Trusted Hosts','master','trusted-hosts','org.keycloak.services.clientregistration.policy.ClientRegistrationPolicy','master','anonymous'),('7d7cdc46-ef93-415b-a783-148e3ae57b8b','Allowed Client Scopes','master','allowed-client-templates','org.keycloak.services.clientregistration.policy.ClientRegistrationPolicy','master','anonymous'),('89e927a6-c60b-45fe-9b2d-8c09cca81f5b','aes-generated','master','aes-generated','org.keycloak.keys.KeyProvider','master',NULL),('c3a2aa7f-53f7-4196-b220-6069b9e56abe','Allowed Protocol Mapper Types','master','allowed-protocol-mappers','org.keycloak.services.clientregistration.policy.ClientRegistrationPolicy','master','anonymous'),('de2acb18-96b9-4382-9c87-2119e3b5ee22','Full Scope Disabled','master','scope','org.keycloak.services.clientregistration.policy.ClientRegistrationPolicy','master','anonymous'),('edae4c8a-a7e9-47e9-a335-a845dd5c6341','Allowed Client Scopes','master','allowed-client-templates','org.keycloak.services.clientregistration.policy.ClientRegistrationPolicy','master','authenticated');
/*!40000 ALTER TABLE `COMPONENT` ENABLE KEYS */;
UNLOCK TABLES;

--
-- Table structure for table `COMPONENT_CONFIG`
--

DROP TABLE IF EXISTS `COMPONENT_CONFIG`;
/*!40101 SET @saved_cs_client     = @@character_set_client */;
 SET character_set_client = utf8mb4 ;
CREATE TABLE `COMPONENT_CONFIG` (
  `ID` varchar(36) NOT NULL,
  `COMPONENT_ID` varchar(36) NOT NULL,
  `NAME` varchar(255) NOT NULL,
  `VALUE` varchar(4000) CHARACTER SET utf8 COLLATE utf8_general_ci DEFAULT NULL,
  PRIMARY KEY (`ID`),
  KEY `IDX_COMPO_CONFIG_COMPO` (`COMPONENT_ID`),
  CONSTRAINT `FK_COMPONENT_CONFIG` FOREIGN KEY (`COMPONENT_ID`) REFERENCES `COMPONENT` (`ID`)
) ENGINE=InnoDB DEFAULT CHARSET=utf8;
/*!40101 SET character_set_client = @saved_cs_client */;

--
-- Dumping data for table `COMPONENT_CONFIG`
--

LOCK TABLES `COMPONENT_CONFIG` WRITE;
/*!40000 ALTER TABLE `COMPONENT_CONFIG` DISABLE KEYS */;
INSERT INTO `COMPONENT_CONFIG` VALUES ('02722ef8-3a5d-4e23-b8b4-4959183d7fab','89e927a6-c60b-45fe-9b2d-8c09cca81f5b','secret','sMmfE6tl_enf8oJQ0byg5g'),('0753a74f-2a92-44ca-92f8-1d55c09d4d58','c3a2aa7f-53f7-4196-b220-6069b9e56abe','allowed-protocol-mapper-types','saml-user-property-mapper'),('0fc74aba-c5d4-4dd1-8b61-4a5ab3c13df6','89e927a6-c60b-45fe-9b2d-8c09cca81f5b','priority','100'),('107ff63e-2005-4143-b619-8bec81d1f727','5c1c3d09-8f0a-45d8-9ab1-58879012c28b','kid','0c2d3b43-1eea-4d90-b44d-cd9fdad21b08'),('22da446d-9982-47c5-b743-11a88fc63e5d','c3a2aa7f-53f7-4196-b220-6069b9e56abe','allowed-protocol-mapper-types','saml-user-attribute-mapper'),('29d3c1e5-d0cf-4c44-88d3-bbabbee7ddd2','29b84655-6851-4498-980a-9430b64279ed','allowed-protocol-mapper-types','saml-role-list-mapper'),('328607ae-cdbc-437f-85cc-65dc803cf1d9','5c1c3d09-8f0a-45d8-9ab1-58879012c28b','algorithm','HS256'),('33c503f0-8dc7-4cd1-801f-1247922659be','29b84655-6851-4498-980a-9430b64279ed','allowed-protocol-mapper-types','saml-user-property-mapper'),('3a2f4aee-f7b4-43db-a591-bf78e986356f','72734a34-77b0-4b39-8ea3-aff541795e67','client-uris-must-match','true'),('491e6a85-175a-4c4e-91d2-52e95393956f','29b84655-6851-4498-980a-9430b64279ed','allowed-protocol-mapper-types','oidc-usermodel-property-mapper'),('4d25cca6-5a78-423c-ba60-9abba9e5840e','c3a2aa7f-53f7-4196-b220-6069b9e56abe','allowed-protocol-mapper-types','saml-role-list-mapper'),('57e30213-cd28-44ef-a5c3-544248abf6ce','30d93cad-c520-454e-9dc4-5d93efa14f0c','priority','100'),('61ad9640-d3c7-4bac-867c-5ef0a0fc84e3','c3a2aa7f-53f7-4196-b220-6069b9e56abe','allowed-protocol-mapper-types','oidc-usermodel-attribute-mapper'),('6449f304-bd32-4148-8d8b-3e6d3319bc76','5c1c3d09-8f0a-45d8-9ab1-58879012c28b','secret','hOsT0yAhQqi3K7cU8yCrNW0lXfCmo99O5-3Q3KuS18OooDUaBAgziY_WvT3fUvkWDna4qT8EjZFnk60STZAk2A'),('7246ff62-594a-43dd-91b9-ded2ac2a634e','30d93cad-c520-454e-9dc4-5d93efa14f0c','certificate','MIICmzCCAYMCBgFsD8drzjANBgkqhkiG9w0BAQsFADARMQ8wDQYDVQQDDAZtYXN0ZXIwHhcNMTkwNzIwMTQyNTIzWhcNMjkwNzIwMTQyNzAzWjARMQ8wDQYDVQQDDAZtYXN0ZXIwggEiMA0GCSqGSIb3DQEBAQUAA4IBDwAwggEKAoIBAQDcFnk4QS11sqF3tV8GqloSsZ7FyaKRvcSGukndL5CktddyQmXZ/rDXzpEThYd17QJfTUCVjcZWiB0Hi+Jn0BceY0r52fDg43BgIFSzHIsETAwJu3OsPhts1LeFP6PPfvxQOUhRWK1nmzJx7wsr+K/pUAh1jDqrlbgAiUuIMjwaP2BF+Ccxznz0lkPHiG1s0RF4/dpTd3QoyGWwg5W07Sn7bx+dZJ67tENgQVK966EYh7Bj06ZNjR+gBnLiZu5HhKXE+E/C2N346y484rai85MNCHk5xLCJVDLbcR7PcYCUE+FJUX1ezPKEet7jou2egF9KoYTc+cFsnkjH/HArQONVAgMBAAEwDQYJKoZIhvcNAQELBQADggEBAMfkTqAyWu+WguAHEsEfsJN9eYSVqbfiOjL5b+XfuQ3D13JQ9N23U1ktkzqazQrZjJ9dPn9CA0pR6Xu0YRS/VFNd6HHj7mGegEIxC89yvVIXtTSMLuklxuobW5O/NU68jr1I+cfSHpbI7W4z7snxzJ8laROGuK0U7r/fwpsMz38GvTy3pdcGUXNj8+EHkzffy5c19WiEEeic1eoucRVdHM6cMesdujU1gU+wjrhWO1btVGzx8VPQFt54Kf5jL0/H7FsTcbw3qyx/noAspkkHKBqwXEQ5B1m+SH/XhTOQQtEcky1G62XlBwY4mPDdGQsQl9HTMId1mCWvAnwm8J+SL9A='),('8237488a-33d6-4824-85b6-d75325f5fc36','c3a2aa7f-53f7-4196-b220-6069b9e56abe','allowed-protocol-mapper-types','oidc-full-name-mapper'),('90a754a6-e5e0-40cf-ba06-e90f416a517a','5c1c3d09-8f0a-45d8-9ab1-58879012c28b','priority','100'),('9354ab68-54dc-4985-be52-c7c2518bbfa8','30d93cad-c520-454e-9dc4-5d93efa14f0c','privateKey','MIIEpAIBAAKCAQEA3BZ5OEEtdbKhd7VfBqpaErGexcmikb3EhrpJ3S+QpLXXckJl2f6w186RE4WHde0CX01AlY3GVogdB4viZ9AXHmNK+dnw4ONwYCBUsxyLBEwMCbtzrD4bbNS3hT+jz378UDlIUVitZ5syce8LK/iv6VAIdYw6q5W4AIlLiDI8Gj9gRfgnMc589JZDx4htbNEReP3aU3d0KMhlsIOVtO0p+28fnWSeu7RDYEFSveuhGIewY9OmTY0foAZy4mbuR4SlxPhPwtjd+OsuPOK2ovOTDQh5OcSwiVQy23Eez3GAlBPhSVF9XszyhHre46LtnoBfSqGE3PnBbJ5Ix/xwK0DjVQIDAQABAoIBAD4L5+jAFzzTO0owS7XpWLNkd8py6e4Efd8trZ05x6Fn0nFX3rbyYpC0n5nNTz8jrkOH1+lRqtTCUszJ1u5Fb/8VJxIBKzN7azbuZnKIXXi8p7gmrJmmeLzZy1M5eckJl8BWJdkpEtnemv4b0h53YcB426mn+vJcpx8flbez0dXj+gu1eXs+uDZcBl6nEnPHQV2JC5pr7eYWY8Q+FB1cd0XXB5H63TcD19YVYgSVRTDeg+2Ks1i3eHHPEWiK3lDZjzQPyTuiu8U2dZQER/PICRzVpsiT/+PseHgGd1JR59xhk7oJfVWrWkgoeg7ZFvG+rpPq+DdbPQznlw3ocHZIg5ECgYEA+pQ2mUHEd6mM/dS95e4w5P0mfvZ2kuci/jgB8wc1PXvbO5SHE+WY+xbMzSBfsBLnFv81dAjXBg9r1vPaVqEaWl99lfS04P2LfkA0lyC3q/HxYDt2FYiKjdAMuk7FafSPfPjTa0dayrnfGjvM+nYXQNHWyTcJpWeGThUI/FJY3B8CgYEA4Nlj7ZaVTow17yyFraRKMkrQTWdt8swzQxOcSgJXeoQlW3UvIvJ390lwMpBr06xmZMurNWFTfF3l/t4j27a2HN+zoKauABYcwL735FDaH65PvtgjJaxRUL0mN3zxHZMjSfA0lpCXdLnG6YV8MduSS0Xyhmjeeq5Kv2AZqWdi0gsCgYEAql3G2WA7wdgHQjU4f3H40FfFqqDLcYmw4wMVYDTQX+Mr5VBQnpiF8IFJ8VVHeaEAeUQ/BYtVFou5mEXndurFzhgKfMAJkscP5mCk4POfrUosAG+tE2roOQ7w+GLCGg3q2N8cb13uPtMs+tsZvFg56xpAXEINTuYaDFCE8XjTbaUCgYBI6pa6ZLv0pgmTj4emYQHiv1o/z8vbEheJqCFl6s59n78RorXvilwXKIynCSi+k0j9ZQMXo4FUcor0lQth5CW4xV7WOVdyFbmrVALF2uZxobCgvizfubsBCOYM1orGwYGPJ8OWFDvZkamM70nwTTlrCbr1laqYdE8vMrX/ttRYMwKBgQDCe6ohZo1KHbBNlW+24y1TOrrcJA9CccLjfWSpZ5pdbjRTuIZNeqLv3ytiu/gLlbIMuyB8HMrHWrt5UD4x0e180kFOHDa8m+pnSLcsT+Cuf4X0ZX99c0tPVUua1xhQVJUB1/b8fhlrM0DbsU1SKmMEmqwTuOtS8ZcB5DCNzIsRSQ=='),('a88e340c-68fc-43d0-a683-6c3741857d3d','edae4c8a-a7e9-47e9-a335-a845dd5c6341','allow-default-scopes','true'),('aaead6ee-866a-4d13-8653-e6ffb041633b','29b84655-6851-4498-980a-9430b64279ed','allowed-protocol-mapper-types','oidc-address-mapper'),('b15a15f7-01af-4541-8aa5-c3b5841813be','29b84655-6851-4498-980a-9430b64279ed','allowed-protocol-mapper-types','oidc-usermodel-attribute-mapper'),('b94538cf-0e93-4f8a-bf3b-282c2ad01f7f','29b84655-6851-4498-980a-9430b64279ed','allowed-protocol-mapper-types','oidc-full-name-mapper'),('c5261496-408f-4649-ae84-4c06c79633fe','c3a2aa7f-53f7-4196-b220-6069b9e56abe','allowed-protocol-mapper-types','oidc-sha256-pairwise-sub-mapper'),('c9487dd3-b92a-49b9-aeb0-9608d395695e','29b84655-6851-4498-980a-9430b64279ed','allowed-protocol-mapper-types','oidc-sha256-pairwise-sub-mapper'),('d02dd4e4-79c1-427b-915a-c872859eae9b','72734a34-77b0-4b39-8ea3-aff541795e67','host-sending-registration-request-must-match','true'),('d3042eff-cca0-4e4d-bd53-aa55dc51bb48','7d7cdc46-ef93-415b-a783-148e3ae57b8b','allow-default-scopes','true'),('e23a7219-4d17-4f32-808f-0ca9e2d7c58b','89e927a6-c60b-45fe-9b2d-8c09cca81f5b','kid','edd7a23f-bd4f-4624-ae35-a691dee044ac'),('e890f7b6-ed28-4728-b290-a2d6b362634e','15fc205b-e94f-4231-89e6-b769251650c9','max-clients','200'),('ef9ee57f-791e-4aa9-b9fc-cb979d2b775b','c3a2aa7f-53f7-4196-b220-6069b9e56abe','allowed-protocol-mapper-types','oidc-address-mapper'),('f266e0b9-138f-4aaf-8a7a-acfdba0ed73b','29b84655-6851-4498-980a-9430b64279ed','allowed-protocol-mapper-types','saml-user-attribute-mapper'),('f30ffc62-fc6a-4a2a-a77d-48a49c240ba5','c3a2aa7f-53f7-4196-b220-6069b9e56abe','allowed-protocol-mapper-types','oidc-usermodel-property-mapper');
/*!40000 ALTER TABLE `COMPONENT_CONFIG` ENABLE KEYS */;
UNLOCK TABLES;

--
-- Table structure for table `COMPOSITE_ROLE`
--

DROP TABLE IF EXISTS `COMPOSITE_ROLE`;
/*!40101 SET @saved_cs_client     = @@character_set_client */;
 SET character_set_client = utf8mb4 ;
CREATE TABLE `COMPOSITE_ROLE` (
  `COMPOSITE` varchar(36) NOT NULL,
  `CHILD_ROLE` varchar(36) NOT NULL,
  PRIMARY KEY (`COMPOSITE`,`CHILD_ROLE`),
  KEY `IDX_COMPOSITE` (`COMPOSITE`),
  KEY `IDX_COMPOSITE_CHILD` (`CHILD_ROLE`),
  CONSTRAINT `FK_A63WVEKFTU8JO1PNJ81E7MCE2` FOREIGN KEY (`COMPOSITE`) REFERENCES `KEYCLOAK_ROLE` (`ID`),
  CONSTRAINT `FK_GR7THLLB9LU8Q4VQA4524JJY8` FOREIGN KEY (`CHILD_ROLE`) REFERENCES `KEYCLOAK_ROLE` (`ID`)
) ENGINE=InnoDB DEFAULT CHARSET=utf8;
/*!40101 SET character_set_client = @saved_cs_client */;

--
-- Dumping data for table `COMPOSITE_ROLE`
--

LOCK TABLES `COMPOSITE_ROLE` WRITE;
/*!40000 ALTER TABLE `COMPOSITE_ROLE` DISABLE KEYS */;
INSERT INTO `COMPOSITE_ROLE` VALUES ('088c256d-aa93-468e-ac14-eb2c8ebedc4b','001cfadf-5f96-4b03-9813-d6b86af37d9a'),('088c256d-aa93-468e-ac14-eb2c8ebedc4b','03597e15-199f-4659-9766-eda8b02ba588'),('088c256d-aa93-468e-ac14-eb2c8ebedc4b','1eef8106-29c8-4c2f-936b-c10fdb9bd605'),('088c256d-aa93-468e-ac14-eb2c8ebedc4b','30621c1b-e462-468f-9edc-cb94c74be93a'),('088c256d-aa93-468e-ac14-eb2c8ebedc4b','33d935ab-f57e-4fb5-ada0-3120453cc28d'),('088c256d-aa93-468e-ac14-eb2c8ebedc4b','407c047f-b1d2-46e6-82fe-7e18e0de1b80'),('088c256d-aa93-468e-ac14-eb2c8ebedc4b','5aac4d81-6545-483d-9726-c14e9d7a583a'),('088c256d-aa93-468e-ac14-eb2c8ebedc4b','6a2bfb1b-cee2-4448-b67e-b161b2d866d2'),('088c256d-aa93-468e-ac14-eb2c8ebedc4b','6e41a017-8ef7-41c8-8ecd-d913de40cb66'),('088c256d-aa93-468e-ac14-eb2c8ebedc4b','754f9434-3a21-4a5e-801f-35813d33ca26'),('088c256d-aa93-468e-ac14-eb2c8ebedc4b','81f186d9-5386-4366-bd1e-f8e6c643e721'),('088c256d-aa93-468e-ac14-eb2c8ebedc4b','8261fe6f-14ce-41ef-947f-5803755e6e94'),('088c256d-aa93-468e-ac14-eb2c8ebedc4b','97fe3ecb-2990-4ba0-9d22-c1f316f3770b'),('088c256d-aa93-468e-ac14-eb2c8ebedc4b','9cb27a91-9733-4660-85f2-5f9296631c1d'),('088c256d-aa93-468e-ac14-eb2c8ebedc4b','bc9c6f72-4ace-41fd-b99e-9628bff35ff1'),('088c256d-aa93-468e-ac14-eb2c8ebedc4b','ddf14f02-d663-462d-95df-ecf000e2b158'),('088c256d-aa93-468e-ac14-eb2c8ebedc4b','f1524d84-4367-4f1c-baf8-c7f2062e9064'),('088c256d-aa93-468e-ac14-eb2c8ebedc4b','f785b15c-ebd0-43e0-b017-cddde78c4b2c'),('088c256d-aa93-468e-ac14-eb2c8ebedc4b','f8a83d30-edc6-4cd2-a4ed-9e68010e55d0'),('5aac4d81-6545-483d-9726-c14e9d7a583a','03597e15-199f-4659-9766-eda8b02ba588'),('5e13f194-516f-459d-a0ca-7dbb79012186','534198e8-6bae-4f4f-92ea-5925d850c996'),('ddf14f02-d663-462d-95df-ecf000e2b158','6e41a017-8ef7-41c8-8ecd-d913de40cb66'),('ddf14f02-d663-462d-95df-ecf000e2b158','754f9434-3a21-4a5e-801f-35813d33ca26');
/*!40000 ALTER TABLE `COMPOSITE_ROLE` ENABLE KEYS */;
UNLOCK TABLES;

--
-- Table structure for table `CREDENTIAL`
--

DROP TABLE IF EXISTS `CREDENTIAL`;
/*!40101 SET @saved_cs_client     = @@character_set_client */;
 SET character_set_client = utf8mb4 ;
CREATE TABLE `CREDENTIAL` (
  `ID` varchar(36) NOT NULL,
  `DEVICE` varchar(255) DEFAULT NULL,
  `HASH_ITERATIONS` int(11) DEFAULT NULL,
  `SALT` tinyblob,
  `TYPE` varchar(255) DEFAULT NULL,
  `VALUE` varchar(4000) DEFAULT NULL,
  `USER_ID` varchar(36) DEFAULT NULL,
  `CREATED_DATE` bigint(20) DEFAULT NULL,
  `COUNTER` int(11) DEFAULT '0',
  `DIGITS` int(11) DEFAULT '6',
  `PERIOD` int(11) DEFAULT '30',
  `ALGORITHM` varchar(36),
  PRIMARY KEY (`ID`),
  KEY `IDX_USER_CREDENTIAL` (`USER_ID`),
  CONSTRAINT `FK_PFYR0GLASQYL0DEI3KL69R6V0` FOREIGN KEY (`USER_ID`) REFERENCES `USER_ENTITY` (`ID`)
) ENGINE=InnoDB DEFAULT CHARSET=utf8;
/*!40101 SET character_set_client = @saved_cs_client */;

--
-- Dumping data for table `CREDENTIAL`
--

LOCK TABLES `CREDENTIAL` WRITE;
/*!40000 ALTER TABLE `CREDENTIAL` DISABLE KEYS */;
INSERT INTO `CREDENTIAL` VALUES ('55634f25-9143-4567-a6f8-b75aafaff9cf',NULL,27500,_binary 'a9\)\\t*9\f','password','Em6bYhkYqAmQOqx+V0e2WYNd2tijtoFr2SK2AomgjfUp+2r0bsFl0BXbwS4xKPm7SLsgs+ASdk+KJFNi3xOO0g==','0b8387c5-8a40-40b5-8160-8881d6311e91',1563632854916,0,0,0,'pbkdf2-sha256');
/*!40000 ALTER TABLE `CREDENTIAL` ENABLE KEYS */;
UNLOCK TABLES;

--
-- Table structure for table `CREDENTIAL_ATTRIBUTE`
--

DROP TABLE IF EXISTS `CREDENTIAL_ATTRIBUTE`;
/*!40101 SET @saved_cs_client     = @@character_set_client */;
 SET character_set_client = utf8mb4 ;
CREATE TABLE `CREDENTIAL_ATTRIBUTE` (
  `ID` varchar(36) NOT NULL,
  `CREDENTIAL_ID` varchar(36) NOT NULL,
  `NAME` varchar(255) NOT NULL,
  `VALUE` varchar(4000) DEFAULT NULL,
  PRIMARY KEY (`ID`),
  KEY `IDX_CREDENTIAL_ATTR_CRED` (`CREDENTIAL_ID`),
  CONSTRAINT `FK_CRED_ATTR` FOREIGN KEY (`CREDENTIAL_ID`) REFERENCES `CREDENTIAL` (`ID`)
) ENGINE=InnoDB DEFAULT CHARSET=utf8;
/*!40101 SET character_set_client = @saved_cs_client */;

--
-- Dumping data for table `CREDENTIAL_ATTRIBUTE`
--

LOCK TABLES `CREDENTIAL_ATTRIBUTE` WRITE;
/*!40000 ALTER TABLE `CREDENTIAL_ATTRIBUTE` DISABLE KEYS */;
/*!40000 ALTER TABLE `CREDENTIAL_ATTRIBUTE` ENABLE KEYS */;
UNLOCK TABLES;

--
-- Table structure for table `DATABASECHANGELOG`
--

DROP TABLE IF EXISTS `DATABASECHANGELOG`;
/*!40101 SET @saved_cs_client     = @@character_set_client */;
 SET character_set_client = utf8mb4 ;
CREATE TABLE `DATABASECHANGELOG` (
  `ID` varchar(255) NOT NULL,
  `AUTHOR` varchar(255) NOT NULL,
  `FILENAME` varchar(255) NOT NULL,
  `DATEEXECUTED` datetime NOT NULL,
  `ORDEREXECUTED` int(11) NOT NULL,
  `EXECTYPE` varchar(10) NOT NULL,
  `MD5SUM` varchar(35) DEFAULT NULL,
  `DESCRIPTION` varchar(255) DEFAULT NULL,
  `COMMENTS` varchar(255) DEFAULT NULL,
  `TAG` varchar(255) DEFAULT NULL,
  `LIQUIBASE` varchar(20) DEFAULT NULL,
  `CONTEXTS` varchar(255) DEFAULT NULL,
  `LABELS` varchar(255) DEFAULT NULL,
  `DEPLOYMENT_ID` varchar(10) DEFAULT NULL
) ENGINE=InnoDB DEFAULT CHARSET=utf8;
/*!40101 SET character_set_client = @saved_cs_client */;

--
-- Dumping data for table `DATABASECHANGELOG`
--

LOCK TABLES `DATABASECHANGELOG` WRITE;
/*!40000 ALTER TABLE `DATABASECHANGELOG` DISABLE KEYS */;
INSERT INTO `DATABASECHANGELOG` VALUES ('1.0.0.Final-KEYCLOAK-5461','sthorger@redhat.com','META-INF/jpa-changelog-1.0.0.Final.xml','2019-07-20 22:26:03',1,'EXECUTED','7:4e70412f24a3f382c82183742ec79317','createTable tableName=APPLICATION_DEFAULT_ROLES; createTable tableName=CLIENT; createTable tableName=CLIENT_SESSION; createTable tableName=CLIENT_SESSION_ROLE; createTable tableName=COMPOSITE_ROLE; createTable tableName=CREDENTIAL; createTable tab...','',NULL,'3.5.4',NULL,NULL,'3632752738'),('1.0.0.Final-KEYCLOAK-5461','sthorger@redhat.com','META-INF/db2-jpa-changelog-1.0.0.Final.xml','2019-07-20 22:26:03',2,'MARK_RAN','7:cb16724583e9675711801c6875114f28','createTable tableName=APPLICATION_DEFAULT_ROLES; createTable tableName=CLIENT; createTable tableName=CLIENT_SESSION; createTable tableName=CLIENT_SESSION_ROLE; createTable tableName=COMPOSITE_ROLE; createTable tableName=CREDENTIAL; createTable tab...','',NULL,'3.5.4',NULL,NULL,'3632752738'),('1.1.0.Beta1','sthorger@redhat.com','META-INF/jpa-changelog-1.1.0.Beta1.xml','2019-07-20 22:26:04',3,'EXECUTED','7:0310eb8ba07cec616460794d42ade0fa','delete tableName=CLIENT_SESSION_ROLE; delete tableName=CLIENT_SESSION; delete tableName=USER_SESSION; createTable tableName=CLIENT_ATTRIBUTES; createTable tableName=CLIENT_SESSION_NOTE; createTable tableName=APP_NODE_REGISTRATIONS; addColumn table...','',NULL,'3.5.4',NULL,NULL,'3632752738'),('1.1.0.Final','sthorger@redhat.com','META-INF/jpa-changelog-1.1.0.Final.xml','2019-07-20 22:26:04',4,'EXECUTED','7:5d25857e708c3233ef4439df1f93f012','renameColumn newColumnName=EVENT_TIME, oldColumnName=TIME, tableName=EVENT_ENTITY','',NULL,'3.5.4',NULL,NULL,'3632752738'),('1.2.0.Beta1','psilva@redhat.com','META-INF/jpa-changelog-1.2.0.Beta1.xml','2019-07-20 22:26:09',5,'EXECUTED','7:c7a54a1041d58eb3817a4a883b4d4e84','delete tableName=CLIENT_SESSION_ROLE; delete tableName=CLIENT_SESSION_NOTE; delete tableName=CLIENT_SESSION; delete tableName=USER_SESSION; createTable tableName=PROTOCOL_MAPPER; createTable tableName=PROTOCOL_MAPPER_CONFIG; createTable tableName=...','',NULL,'3.5.4',NULL,NULL,'3632752738'),('1.2.0.Beta1','psilva@redhat.com','META-INF/db2-jpa-changelog-1.2.0.Beta1.xml','2019-07-20 22:26:09',6,'MARK_RAN','7:2e01012df20974c1c2a605ef8afe25b7','delete tableName=CLIENT_SESSION_ROLE; delete tableName=CLIENT_SESSION_NOTE; delete tableName=CLIENT_SESSION; delete tableName=USER_SESSION; createTable tableName=PROTOCOL_MAPPER; createTable tableName=PROTOCOL_MAPPER_CONFIG; createTable tableName=...','',NULL,'3.5.4',NULL,NULL,'3632752738'),('1.2.0.RC1','bburke@redhat.com','META-INF/jpa-changelog-1.2.0.CR1.xml','2019-07-20 22:26:13',7,'EXECUTED','7:0f08df48468428e0f30ee59a8ec01a41','delete tableName=CLIENT_SESSION_ROLE; delete tableName=CLIENT_SESSION_NOTE; delete tableName=CLIENT_SESSION; delete tableName=USER_SESSION_NOTE; delete tableName=USER_SESSION; createTable tableName=MIGRATION_MODEL; createTable tableName=IDENTITY_P...','',NULL,'3.5.4',NULL,NULL,'3632752738'),('1.2.0.RC1','bburke@redhat.com','META-INF/db2-jpa-changelog-1.2.0.CR1.xml','2019-07-20 22:26:13',8,'MARK_RAN','7:a77ea2ad226b345e7d689d366f185c8c','delete tableName=CLIENT_SESSION_ROLE; delete tableName=CLIENT_SESSION_NOTE; delete tableName=CLIENT_SESSION; delete tableName=USER_SESSION_NOTE; delete tableName=USER_SESSION; createTable tableName=MIGRATION_MODEL; createTable tableName=IDENTITY_P...','',NULL,'3.5.4',NULL,NULL,'3632752738'),('1.2.0.Final','keycloak','META-INF/jpa-changelog-1.2.0.Final.xml','2019-07-20 22:26:13',9,'EXECUTED','7:a3377a2059aefbf3b90ebb4c4cc8e2ab','update tableName=CLIENT; update tableName=CLIENT; update tableName=CLIENT','',NULL,'3.5.4',NULL,NULL,'3632752738'),('1.3.0','bburke@redhat.com','META-INF/jpa-changelog-1.3.0.xml','2019-07-20 22:26:18',10,'EXECUTED','7:04c1dbedc2aa3e9756d1a1668e003451','delete tableName=CLIENT_SESSION_ROLE; delete tableName=CLIENT_SESSION_PROT_MAPPER; delete tableName=CLIENT_SESSION_NOTE; delete tableName=CLIENT_SESSION; delete tableName=USER_SESSION_NOTE; delete tableName=USER_SESSION; createTable tableName=ADMI...','',NULL,'3.5.4',NULL,NULL,'3632752738'),('1.4.0','bburke@redhat.com','META-INF/jpa-changelog-1.4.0.xml','2019-07-20 22:26:20',11,'EXECUTED','7:36ef39ed560ad07062d956db861042ba','delete tableName=CLIENT_SESSION_AUTH_STATUS; delete tableName=CLIENT_SESSION_ROLE; delete tableName=CLIENT_SESSION_PROT_MAPPER; delete tableName=CLIENT_SESSION_NOTE; delete tableName=CLIENT_SESSION; delete tableName=USER_SESSION_NOTE; delete table...','',NULL,'3.5.4',NULL,NULL,'3632752738'),('1.4.0','bburke@redhat.com','META-INF/db2-jpa-changelog-1.4.0.xml','2019-07-20 22:26:20',12,'MARK_RAN','7:d909180b2530479a716d3f9c9eaea3d7','delete tableName=CLIENT_SESSION_AUTH_STATUS; delete tableName=CLIENT_SESSION_ROLE; delete tableName=CLIENT_SESSION_PROT_MAPPER; delete tableName=CLIENT_SESSION_NOTE; delete tableName=CLIENT_SESSION; delete tableName=USER_SESSION_NOTE; delete table...','',NULL,'3.5.4',NULL,NULL,'3632752738'),('1.5.0','bburke@redhat.com','META-INF/jpa-changelog-1.5.0.xml','2019-07-20 22:26:20',13,'EXECUTED','7:cf12b04b79bea5152f165eb41f3955f6','delete tableName=CLIENT_SESSION_AUTH_STATUS; delete tableName=CLIENT_SESSION_ROLE; delete tableName=CLIENT_SESSION_PROT_MAPPER; delete tableName=CLIENT_SESSION_NOTE; delete tableName=CLIENT_SESSION; delete tableName=USER_SESSION_NOTE; delete table...','',NULL,'3.5.4',NULL,NULL,'3632752738'),('1.6.1_from15','mposolda@redhat.com','META-INF/jpa-changelog-1.6.1.xml','2019-07-20 22:26:21',14,'EXECUTED','7:7e32c8f05c755e8675764e7d5f514509','addColumn tableName=REALM; addColumn tableName=KEYCLOAK_ROLE; addColumn tableName=CLIENT; createTable tableName=OFFLINE_USER_SESSION; createTable tableName=OFFLINE_CLIENT_SESSION; addPrimaryKey constraintName=CONSTRAINT_OFFL_US_SES_PK2, tableName=...','',NULL,'3.5.4',NULL,NULL,'3632752738'),('1.6.1_from16-pre','mposolda@redhat.com','META-INF/jpa-changelog-1.6.1.xml','2019-07-20 22:26:21',15,'MARK_RAN','7:980ba23cc0ec39cab731ce903dd01291','delete tableName=OFFLINE_CLIENT_SESSION; delete tableName=OFFLINE_USER_SESSION','',NULL,'3.5.4',NULL,NULL,'3632752738'),('1.6.1_from16','mposolda@redhat.com','META-INF/jpa-changelog-1.6.1.xml','2019-07-20 22:26:21',16,'MARK_RAN','7:2fa220758991285312eb84f3b4ff5336','dropPrimaryKey constraintName=CONSTRAINT_OFFLINE_US_SES_PK, tableName=OFFLINE_USER_SESSION; dropPrimaryKey constraintName=CONSTRAINT_OFFLINE_CL_SES_PK, tableName=OFFLINE_CLIENT_SESSION; addColumn tableName=OFFLINE_USER_SESSION; update tableName=OF...','',NULL,'3.5.4',NULL,NULL,'3632752738'),('1.6.1','mposolda@redhat.com','META-INF/jpa-changelog-1.6.1.xml','2019-07-20 22:26:21',17,'EXECUTED','7:d41d8cd98f00b204e9800998ecf8427e','empty','',NULL,'3.5.4',NULL,NULL,'3632752738'),('1.7.0','bburke@redhat.com','META-INF/jpa-changelog-1.7.0.xml','2019-07-20 22:26:24',18,'EXECUTED','7:91ace540896df890cc00a0490ee52bbc','createTable tableName=KEYCLOAK_GROUP; createTable tableName=GROUP_ROLE_MAPPING; createTable tableName=GROUP_ATTRIBUTE; createTable tableName=USER_GROUP_MEMBERSHIP; createTable tableName=REALM_DEFAULT_GROUPS; addColumn tableName=IDENTITY_PROVIDER; ...','',NULL,'3.5.4',NULL,NULL,'3632752738'),('1.8.0','mposolda@redhat.com','META-INF/jpa-changelog-1.8.0.xml','2019-07-20 22:26:26',19,'EXECUTED','7:c31d1646dfa2618a9335c00e07f89f24','addColumn tableName=IDENTITY_PROVIDER; createTable tableName=CLIENT_TEMPLATE; createTable tableName=CLIENT_TEMPLATE_ATTRIBUTES; createTable tableName=TEMPLATE_SCOPE_MAPPING; dropNotNullConstraint columnName=CLIENT_ID, tableName=PROTOCOL_MAPPER; ad...','',NULL,'3.5.4',NULL,NULL,'3632752738'),('1.8.0-2','keycloak','META-INF/jpa-changelog-1.8.0.xml','2019-07-20 22:26:26',20,'EXECUTED','7:df8bc21027a4f7cbbb01f6344e89ce07','dropDefaultValue columnName=ALGORITHM, tableName=CREDENTIAL; update tableName=CREDENTIAL','',NULL,'3.5.4',NULL,NULL,'3632752738'),('1.8.0','mposolda@redhat.com','META-INF/db2-jpa-changelog-1.8.0.xml','2019-07-20 22:26:26',21,'MARK_RAN','7:f987971fe6b37d963bc95fee2b27f8df','addColumn tableName=IDENTITY_PROVIDER; createTable tableName=CLIENT_TEMPLATE; createTable tableName=CLIENT_TEMPLATE_ATTRIBUTES; createTable tableName=TEMPLATE_SCOPE_MAPPING; dropNotNullConstraint columnName=CLIENT_ID, tableName=PROTOCOL_MAPPER; ad...','',NULL,'3.5.4',NULL,NULL,'3632752738'),('1.8.0-2','keycloak','META-INF/db2-jpa-changelog-1.8.0.xml','2019-07-20 22:26:26',22,'MARK_RAN','7:df8bc21027a4f7cbbb01f6344e89ce07','dropDefaultValue columnName=ALGORITHM, tableName=CREDENTIAL; update tableName=CREDENTIAL','',NULL,'3.5.4',NULL,NULL,'3632752738'),('1.9.0','mposolda@redhat.com','META-INF/jpa-changelog-1.9.0.xml','2019-07-20 22:26:27',23,'EXECUTED','7:ed2dc7f799d19ac452cbcda56c929e47','update tableName=REALM; update tableName=REALM; update tableName=REALM; update tableName=REALM; update tableName=CREDENTIAL; update tableName=CREDENTIAL; update tableName=CREDENTIAL; update tableName=REALM; update tableName=REALM; customChange; dr...','',NULL,'3.5.4',NULL,NULL,'3632752738'),('1.9.1','keycloak','META-INF/jpa-changelog-1.9.1.xml','2019-07-20 22:26:27',24,'EXECUTED','7:80b5db88a5dda36ece5f235be8757615','modifyDataType columnName=PRIVATE_KEY, tableName=REALM; modifyDataType columnName=PUBLIC_KEY, tableName=REALM; modifyDataType columnName=CERTIFICATE, tableName=REALM','',NULL,'3.5.4',NULL,NULL,'3632752738'),('1.9.1','keycloak','META-INF/db2-jpa-changelog-1.9.1.xml','2019-07-20 22:26:27',25,'MARK_RAN','7:1437310ed1305a9b93f8848f301726ce','modifyDataType columnName=PRIVATE_KEY, tableName=REALM; modifyDataType columnName=CERTIFICATE, tableName=REALM','',NULL,'3.5.4',NULL,NULL,'3632752738'),('1.9.2','keycloak','META-INF/jpa-changelog-1.9.2.xml','2019-07-20 22:26:28',26,'EXECUTED','7:b82ffb34850fa0836be16deefc6a87c4','createIndex indexName=IDX_USER_EMAIL, tableName=USER_ENTITY; createIndex indexName=IDX_USER_ROLE_MAPPING, tableName=USER_ROLE_MAPPING; createIndex indexName=IDX_USER_GROUP_MAPPING, tableName=USER_GROUP_MEMBERSHIP; createIndex indexName=IDX_USER_CO...','',NULL,'3.5.4',NULL,NULL,'3632752738'),('authz-2.0.0','psilva@redhat.com','META-INF/jpa-changelog-authz-2.0.0.xml','2019-07-20 22:26:32',27,'EXECUTED','7:9cc98082921330d8d9266decdd4bd658','createTable tableName=RESOURCE_SERVER; addPrimaryKey constraintName=CONSTRAINT_FARS, tableName=RESOURCE_SERVER; addUniqueConstraint constraintName=UK_AU8TT6T700S9V50BU18WS5HA6, tableName=RESOURCE_SERVER; createTable tableName=RESOURCE_SERVER_RESOU...','',NULL,'3.5.4',NULL,NULL,'3632752738'),('authz-2.5.1','psilva@redhat.com','META-INF/jpa-changelog-authz-2.5.1.xml','2019-07-20 22:26:32',28,'EXECUTED','7:03d64aeed9cb52b969bd30a7ac0db57e','update tableName=RESOURCE_SERVER_POLICY','',NULL,'3.5.4',NULL,NULL,'3632752738'),('2.1.0-KEYCLOAK-5461','bburke@redhat.com','META-INF/jpa-changelog-2.1.0.xml','2019-07-20 22:26:34',29,'EXECUTED','7:f1f9fd8710399d725b780f463c6b21cd','createTable tableName=BROKER_LINK; createTable tableName=FED_USER_ATTRIBUTE; createTable tableName=FED_USER_CONSENT; createTable tableName=FED_USER_CONSENT_ROLE; createTable tableName=FED_USER_CONSENT_PROT_MAPPER; createTable tableName=FED_USER_CR...','',NULL,'3.5.4',NULL,NULL,'3632752738'),('2.2.0','bburke@redhat.com','META-INF/jpa-changelog-2.2.0.xml','2019-07-20 22:26:34',30,'EXECUTED','7:53188c3eb1107546e6f765835705b6c1','addColumn tableName=ADMIN_EVENT_ENTITY; createTable tableName=CREDENTIAL_ATTRIBUTE; createTable tableName=FED_CREDENTIAL_ATTRIBUTE; modifyDataType columnName=VALUE, tableName=CREDENTIAL; addForeignKeyConstraint baseTableName=FED_CREDENTIAL_ATTRIBU...','',NULL,'3.5.4',NULL,NULL,'3632752738'),('2.3.0','bburke@redhat.com','META-INF/jpa-changelog-2.3.0.xml','2019-07-20 22:26:36',31,'EXECUTED','7:d6e6f3bc57a0c5586737d1351725d4d4','createTable tableName=FEDERATED_USER; addPrimaryKey constraintName=CONSTR_FEDERATED_USER, tableName=FEDERATED_USER; dropDefaultValue columnName=TOTP, tableName=USER_ENTITY; dropColumn columnName=TOTP, tableName=USER_ENTITY; addColumn tableName=IDE...','',NULL,'3.5.4',NULL,NULL,'3632752738'),('2.4.0','bburke@redhat.com','META-INF/jpa-changelog-2.4.0.xml','2019-07-20 22:26:36',32,'EXECUTED','7:454d604fbd755d9df3fd9c6329043aa5','customChange','',NULL,'3.5.4',NULL,NULL,'3632752738'),('2.5.0','bburke@redhat.com','META-INF/jpa-changelog-2.5.0.xml','2019-07-20 22:26:36',33,'EXECUTED','7:57e98a3077e29caf562f7dbf80c72600','customChange; modifyDataType columnName=USER_ID, tableName=OFFLINE_USER_SESSION','',NULL,'3.5.4',NULL,NULL,'3632752738'),('2.5.0-unicode-oracle','hmlnarik@redhat.com','META-INF/jpa-changelog-2.5.0.xml','2019-07-20 22:26:36',34,'MARK_RAN','7:e4c7e8f2256210aee71ddc42f538b57a','modifyDataType columnName=DESCRIPTION, tableName=AUTHENTICATION_FLOW; modifyDataType columnName=DESCRIPTION, tableName=CLIENT_TEMPLATE; modifyDataType columnName=DESCRIPTION, tableName=RESOURCE_SERVER_POLICY; modifyDataType columnName=DESCRIPTION,...','',NULL,'3.5.4',NULL,NULL,'3632752738'),('2.5.0-unicode-other-dbs','hmlnarik@redhat.com','META-INF/jpa-changelog-2.5.0.xml','2019-07-20 22:26:37',35,'EXECUTED','7:09a43c97e49bc626460480aa1379b522','modifyDataType columnName=DESCRIPTION, tableName=AUTHENTICATION_FLOW; modifyDataType columnName=DESCRIPTION, tableName=CLIENT_TEMPLATE; modifyDataType columnName=DESCRIPTION, tableName=RESOURCE_SERVER_POLICY; modifyDataType columnName=DESCRIPTION,...','',NULL,'3.5.4',NULL,NULL,'3632752738'),('2.5.0-duplicate-email-support','slawomir@dabek.name','META-INF/jpa-changelog-2.5.0.xml','2019-07-20 22:26:37',36,'EXECUTED','7:26bfc7c74fefa9126f2ce702fb775553','addColumn tableName=REALM','',NULL,'3.5.4',NULL,NULL,'3632752738'),('2.5.0-unique-group-names','hmlnarik@redhat.com','META-INF/jpa-changelog-2.5.0.xml','2019-07-20 22:26:38',37,'EXECUTED','7:a161e2ae671a9020fff61e996a207377','addUniqueConstraint constraintName=SIBLING_NAMES, tableName=KEYCLOAK_GROUP','',NULL,'3.5.4',NULL,NULL,'3632752738'),('2.5.1','bburke@redhat.com','META-INF/jpa-changelog-2.5.1.xml','2019-07-20 22:26:38',38,'EXECUTED','7:37fc1781855ac5388c494f1442b3f717','addColumn tableName=FED_USER_CONSENT','',NULL,'3.5.4',NULL,NULL,'3632752738'),('3.0.0','bburke@redhat.com','META-INF/jpa-changelog-3.0.0.xml','2019-07-20 22:26:38',39,'EXECUTED','7:13a27db0dae6049541136adad7261d27','addColumn tableName=IDENTITY_PROVIDER','',NULL,'3.5.4',NULL,NULL,'3632752738'),('3.2.0-fix','keycloak','META-INF/jpa-changelog-3.2.0.xml','2019-07-20 22:26:38',40,'MARK_RAN','7:550300617e3b59e8af3a6294df8248a3','addNotNullConstraint columnName=REALM_ID, tableName=CLIENT_INITIAL_ACCESS','',NULL,'3.5.4',NULL,NULL,'3632752738'),('3.2.0-fix-with-keycloak-5416','keycloak','META-INF/jpa-changelog-3.2.0.xml','2019-07-20 22:26:38',41,'MARK_RAN','7:e3a9482b8931481dc2772a5c07c44f17','dropIndex indexName=IDX_CLIENT_INIT_ACC_REALM, tableName=CLIENT_INITIAL_ACCESS; addNotNullConstraint columnName=REALM_ID, tableName=CLIENT_INITIAL_ACCESS; createIndex indexName=IDX_CLIENT_INIT_ACC_REALM, tableName=CLIENT_INITIAL_ACCESS','',NULL,'3.5.4',NULL,NULL,'3632752738'),('3.2.0-fix-offline-sessions','hmlnarik','META-INF/jpa-changelog-3.2.0.xml','2019-07-20 22:26:38',42,'EXECUTED','7:72b07d85a2677cb257edb02b408f332d','customChange','',NULL,'3.5.4',NULL,NULL,'3632752738'),('3.2.0-fixed','keycloak','META-INF/jpa-changelog-3.2.0.xml','2019-07-20 22:26:42',43,'EXECUTED','7:a72a7858967bd414835d19e04d880312','addColumn tableName=REALM; dropPrimaryKey constraintName=CONSTRAINT_OFFL_CL_SES_PK2, tableName=OFFLINE_CLIENT_SESSION; dropColumn columnName=CLIENT_SESSION_ID, tableName=OFFLINE_CLIENT_SESSION; addPrimaryKey constraintName=CONSTRAINT_OFFL_CL_SES_P...','',NULL,'3.5.4',NULL,NULL,'3632752738'),('3.3.0','keycloak','META-INF/jpa-changelog-3.3.0.xml','2019-07-20 22:26:42',44,'EXECUTED','7:94edff7cf9ce179e7e85f0cd78a3cf2c','addColumn tableName=USER_ENTITY','',NULL,'3.5.4',NULL,NULL,'3632752738'),('authz-3.4.0.CR1-resource-server-pk-change-part1','glavoie@gmail.com','META-INF/jpa-changelog-authz-3.4.0.CR1.xml','2019-07-20 22:26:42',45,'EXECUTED','7:6a48ce645a3525488a90fbf76adf3bb3','addColumn tableName=RESOURCE_SERVER_POLICY; addColumn tableName=RESOURCE_SERVER_RESOURCE; addColumn tableName=RESOURCE_SERVER_SCOPE','',NULL,'3.5.4',NULL,NULL,'3632752738'),('authz-3.4.0.CR1-resource-server-pk-change-part2-KEYCLOAK-6095','hmlnarik@redhat.com','META-INF/jpa-changelog-authz-3.4.0.CR1.xml','2019-07-20 22:26:42',46,'EXECUTED','7:e64b5dcea7db06077c6e57d3b9e5ca14','customChange','',NULL,'3.5.4',NULL,NULL,'3632752738'),('authz-3.4.0.CR1-resource-server-pk-change-part3-fixed','glavoie@gmail.com','META-INF/jpa-changelog-authz-3.4.0.CR1.xml','2019-07-20 22:26:42',47,'MARK_RAN','7:fd8cf02498f8b1e72496a20afc75178c','dropIndex indexName=IDX_RES_SERV_POL_RES_SERV, tableName=RESOURCE_SERVER_POLICY; dropIndex indexName=IDX_RES_SRV_RES_RES_SRV, tableName=RESOURCE_SERVER_RESOURCE; dropIndex indexName=IDX_RES_SRV_SCOPE_RES_SRV, tableName=RESOURCE_SERVER_SCOPE','',NULL,'3.5.4',NULL,NULL,'3632752738'),('authz-3.4.0.CR1-resource-server-pk-change-part3-fixed-nodropindex','glavoie@gmail.com','META-INF/jpa-changelog-authz-3.4.0.CR1.xml','2019-07-20 22:26:45',48,'EXECUTED','7:542794f25aa2b1fbabb7e577d6646319','addNotNullConstraint columnName=RESOURCE_SERVER_CLIENT_ID, tableName=RESOURCE_SERVER_POLICY; addNotNullConstraint columnName=RESOURCE_SERVER_CLIENT_ID, tableName=RESOURCE_SERVER_RESOURCE; addNotNullConstraint columnName=RESOURCE_SERVER_CLIENT_ID, ...','',NULL,'3.5.4',NULL,NULL,'3632752738'),('authn-3.4.0.CR1-refresh-token-max-reuse','glavoie@gmail.com','META-INF/jpa-changelog-authz-3.4.0.CR1.xml','2019-07-20 22:26:45',49,'EXECUTED','7:edad604c882df12f74941dac3cc6d650','addColumn tableName=REALM','',NULL,'3.5.4',NULL,NULL,'3632752738'),('3.4.0','keycloak','META-INF/jpa-changelog-3.4.0.xml','2019-07-20 22:26:48',50,'EXECUTED','7:0f88b78b7b46480eb92690cbf5e44900','addPrimaryKey constraintName=CONSTRAINT_REALM_DEFAULT_ROLES, tableName=REALM_DEFAULT_ROLES; addPrimaryKey constraintName=CONSTRAINT_COMPOSITE_ROLE, tableName=COMPOSITE_ROLE; addPrimaryKey constraintName=CONSTR_REALM_DEFAULT_GROUPS, tableName=REALM...','',NULL,'3.5.4',NULL,NULL,'3632752738'),('3.4.0-KEYCLOAK-5230','hmlnarik@redhat.com','META-INF/jpa-changelog-3.4.0.xml','2019-07-20 22:26:48',51,'EXECUTED','7:d560e43982611d936457c327f872dd59','createIndex indexName=IDX_FU_ATTRIBUTE, tableName=FED_USER_ATTRIBUTE; createIndex indexName=IDX_FU_CONSENT, tableName=FED_USER_CONSENT; createIndex indexName=IDX_FU_CONSENT_RU, tableName=FED_USER_CONSENT; createIndex indexName=IDX_FU_CREDENTIAL, t...','',NULL,'3.5.4',NULL,NULL,'3632752738'),('3.4.1','psilva@redhat.com','META-INF/jpa-changelog-3.4.1.xml','2019-07-20 22:26:48',52,'EXECUTED','7:c155566c42b4d14ef07059ec3b3bbd8e','modifyDataType columnName=VALUE, tableName=CLIENT_ATTRIBUTES','',NULL,'3.5.4',NULL,NULL,'3632752738'),('3.4.2','keycloak','META-INF/jpa-changelog-3.4.2.xml','2019-07-20 22:26:48',53,'EXECUTED','7:b40376581f12d70f3c89ba8ddf5b7dea','update tableName=REALM','',NULL,'3.5.4',NULL,NULL,'3632752738'),('3.4.2-KEYCLOAK-5172','mkanis@redhat.com','META-INF/jpa-changelog-3.4.2.xml','2019-07-20 22:26:48',54,'EXECUTED','7:a1132cc395f7b95b3646146c2e38f168','update tableName=CLIENT','',NULL,'3.5.4',NULL,NULL,'3632752738'),('4.0.0-KEYCLOAK-6335','bburke@redhat.com','META-INF/jpa-changelog-4.0.0.xml','2019-07-20 22:26:49',55,'EXECUTED','7:d8dc5d89c789105cfa7ca0e82cba60af','createTable tableName=CLIENT_AUTH_FLOW_BINDINGS; addPrimaryKey constraintName=C_CLI_FLOW_BIND, tableName=CLIENT_AUTH_FLOW_BINDINGS','',NULL,'3.5.4',NULL,NULL,'3632752738'),('4.0.0-CLEANUP-UNUSED-TABLE','bburke@redhat.com','META-INF/jpa-changelog-4.0.0.xml','2019-07-20 22:26:49',56,'EXECUTED','7:7822e0165097182e8f653c35517656a3','dropTable tableName=CLIENT_IDENTITY_PROV_MAPPING','',NULL,'3.5.4',NULL,NULL,'3632752738'),('4.0.0-KEYCLOAK-6228','bburke@redhat.com','META-INF/jpa-changelog-4.0.0.xml','2019-07-20 22:26:50',57,'EXECUTED','7:c6538c29b9c9a08f9e9ea2de5c2b6375','dropUniqueConstraint constraintName=UK_JKUWUVD56ONTGSUHOGM8UEWRT, tableName=USER_CONSENT; dropNotNullConstraint columnName=CLIENT_ID, tableName=USER_CONSENT; addColumn tableName=USER_CONSENT; addUniqueConstraint constraintName=UK_JKUWUVD56ONTGSUHO...','',NULL,'3.5.4',NULL,NULL,'3632752738'),('4.0.0-KEYCLOAK-5579-fixed','mposolda@redhat.com','META-INF/jpa-changelog-4.0.0.xml','2019-07-20 22:26:56',58,'EXECUTED','7:6d4893e36de22369cf73bcb051ded875','dropForeignKeyConstraint baseTableName=CLIENT_TEMPLATE_ATTRIBUTES, constraintName=FK_CL_TEMPL_ATTR_TEMPL; renameTable newTableName=CLIENT_SCOPE_ATTRIBUTES, oldTableName=CLIENT_TEMPLATE_ATTRIBUTES; renameColumn newColumnName=SCOPE_ID, oldColumnName...','',NULL,'3.5.4',NULL,NULL,'3632752738'),('authz-4.0.0.CR1','psilva@redhat.com','META-INF/jpa-changelog-authz-4.0.0.CR1.xml','2019-07-20 22:26:58',59,'EXECUTED','7:57960fc0b0f0dd0563ea6f8b2e4a1707','createTable tableName=RESOURCE_SERVER_PERM_TICKET; addPrimaryKey constraintName=CONSTRAINT_FAPMT, tableName=RESOURCE_SERVER_PERM_TICKET; addForeignKeyConstraint baseTableName=RESOURCE_SERVER_PERM_TICKET, constraintName=FK_FRSRHO213XCX4WNKOG82SSPMT...','',NULL,'3.5.4',NULL,NULL,'3632752738'),('authz-4.0.0.Beta3','psilva@redhat.com','META-INF/jpa-changelog-authz-4.0.0.Beta3.xml','2019-07-20 22:26:58',60,'EXECUTED','7:2b4b8bff39944c7097977cc18dbceb3b','addColumn tableName=RESOURCE_SERVER_POLICY; addColumn tableName=RESOURCE_SERVER_PERM_TICKET; addForeignKeyConstraint baseTableName=RESOURCE_SERVER_PERM_TICKET, constraintName=FK_FRSRPO2128CX4WNKOG82SSRFY, referencedTableName=RESOURCE_SERVER_POLICY','',NULL,'3.5.4',NULL,NULL,'3632752738'),('authz-4.2.0.Final','mhajas@redhat.com','META-INF/jpa-changelog-authz-4.2.0.Final.xml','2019-07-20 22:26:58',61,'EXECUTED','7:2aa42a964c59cd5b8ca9822340ba33a8','createTable tableName=RESOURCE_URIS; addForeignKeyConstraint baseTableName=RESOURCE_URIS, constraintName=FK_RESOURCE_SERVER_URIS, referencedTableName=RESOURCE_SERVER_RESOURCE; customChange; dropColumn columnName=URI, tableName=RESOURCE_SERVER_RESO...','',NULL,'3.5.4',NULL,NULL,'3632752738'),('4.2.0-KEYCLOAK-6313','wadahiro@gmail.com','META-INF/jpa-changelog-4.2.0.xml','2019-07-20 22:26:58',62,'EXECUTED','7:14d407c35bc4fe1976867756bcea0c36','addColumn tableName=REQUIRED_ACTION_PROVIDER','',NULL,'3.5.4',NULL,NULL,'3632752738'),('4.3.0-KEYCLOAK-7984','wadahiro@gmail.com','META-INF/jpa-changelog-4.3.0.xml','2019-07-20 22:26:58',63,'EXECUTED','7:241a8030c748c8548e346adee548fa93','update tableName=REQUIRED_ACTION_PROVIDER','',NULL,'3.5.4',NULL,NULL,'3632752738'),('4.6.0-KEYCLOAK-7950','psilva@redhat.com','META-INF/jpa-changelog-4.6.0.xml','2019-07-20 22:26:58',64,'EXECUTED','7:7d3182f65a34fcc61e8d23def037dc3f','update tableName=RESOURCE_SERVER_RESOURCE','',NULL,'3.5.4',NULL,NULL,'3632752738'),('4.6.0-KEYCLOAK-8377','keycloak','META-INF/jpa-changelog-4.6.0.xml','2019-07-20 22:26:59',65,'EXECUTED','7:b30039e00a0b9715d430d1b0636728fa','createTable tableName=ROLE_ATTRIBUTE; addPrimaryKey constraintName=CONSTRAINT_ROLE_ATTRIBUTE_PK, tableName=ROLE_ATTRIBUTE; addForeignKeyConstraint baseTableName=ROLE_ATTRIBUTE, constraintName=FK_ROLE_ATTRIBUTE_ID, referencedTableName=KEYCLOAK_ROLE...','',NULL,'3.5.4',NULL,NULL,'3632752738'),('4.6.0-KEYCLOAK-8555','gideonray@gmail.com','META-INF/jpa-changelog-4.6.0.xml','2019-07-20 22:26:59',66,'EXECUTED','7:3797315ca61d531780f8e6f82f258159','createIndex indexName=IDX_COMPONENT_PROVIDER_TYPE, tableName=COMPONENT','',NULL,'3.5.4',NULL,NULL,'3632752738'),('4.7.0-KEYCLOAK-1267','sguilhen@redhat.com','META-INF/jpa-changelog-4.7.0.xml','2019-07-20 22:26:59',67,'EXECUTED','7:c7aa4c8d9573500c2d347c1941ff0301','addColumn tableName=REALM','',NULL,'3.5.4',NULL,NULL,'3632752738'),('4.7.0-KEYCLOAK-7275','keycloak','META-INF/jpa-changelog-4.7.0.xml','2019-07-20 22:26:59',68,'EXECUTED','7:b207faee394fc074a442ecd42185a5dd','renameColumn newColumnName=CREATED_ON, oldColumnName=LAST_SESSION_REFRESH, tableName=OFFLINE_USER_SESSION; addNotNullConstraint columnName=CREATED_ON, tableName=OFFLINE_USER_SESSION; addColumn tableName=OFFLINE_USER_SESSION; customChange; createIn...','',NULL,'3.5.4',NULL,NULL,'3632752738'),('4.8.0-KEYCLOAK-8835','sguilhen@redhat.com','META-INF/jpa-changelog-4.8.0.xml','2019-07-20 22:27:00',69,'EXECUTED','7:ab9a9762faaba4ddfa35514b212c4922','addNotNullConstraint columnName=SSO_MAX_LIFESPAN_REMEMBER_ME, tableName=REALM; addNotNullConstraint columnName=SSO_IDLE_TIMEOUT_REMEMBER_ME, tableName=REALM','',NULL,'3.5.4',NULL,NULL,'3632752738');
/*!40000 ALTER TABLE `DATABASECHANGELOG` ENABLE KEYS */;
UNLOCK TABLES;

--
-- Table structure for table `DATABASECHANGELOGLOCK`
--

DROP TABLE IF EXISTS `DATABASECHANGELOGLOCK`;
/*!40101 SET @saved_cs_client     = @@character_set_client */;
 SET character_set_client = utf8mb4 ;
CREATE TABLE `DATABASECHANGELOGLOCK` (
  `ID` int(11) NOT NULL,
  `LOCKED` bit(1) NOT NULL,
  `LOCKGRANTED` datetime DEFAULT NULL,
  `LOCKEDBY` varchar(255) DEFAULT NULL,
  PRIMARY KEY (`ID`)
) ENGINE=InnoDB DEFAULT CHARSET=utf8;
/*!40101 SET character_set_client = @saved_cs_client */;

--
-- Dumping data for table `DATABASECHANGELOGLOCK`
--

LOCK TABLES `DATABASECHANGELOGLOCK` WRITE;
/*!40000 ALTER TABLE `DATABASECHANGELOGLOCK` DISABLE KEYS */;
INSERT INTO `DATABASECHANGELOGLOCK` VALUES (1,_binary '\0',NULL,NULL);
/*!40000 ALTER TABLE `DATABASECHANGELOGLOCK` ENABLE KEYS */;
UNLOCK TABLES;

--
-- Table structure for table `DEFAULT_CLIENT_SCOPE`
--

DROP TABLE IF EXISTS `DEFAULT_CLIENT_SCOPE`;
/*!40101 SET @saved_cs_client     = @@character_set_client */;
 SET character_set_client = utf8mb4 ;
CREATE TABLE `DEFAULT_CLIENT_SCOPE` (
  `REALM_ID` varchar(36) NOT NULL,
  `SCOPE_ID` varchar(36) NOT NULL,
  `DEFAULT_SCOPE` bit(1) NOT NULL DEFAULT b'0',
  PRIMARY KEY (`REALM_ID`,`SCOPE_ID`),
  KEY `IDX_DEFCLS_REALM` (`REALM_ID`),
  KEY `IDX_DEFCLS_SCOPE` (`SCOPE_ID`),
  CONSTRAINT `FK_R_DEF_CLI_SCOPE_REALM` FOREIGN KEY (`REALM_ID`) REFERENCES `REALM` (`ID`),
  CONSTRAINT `FK_R_DEF_CLI_SCOPE_SCOPE` FOREIGN KEY (`SCOPE_ID`) REFERENCES `CLIENT_SCOPE` (`ID`)
) ENGINE=InnoDB DEFAULT CHARSET=utf8;
/*!40101 SET character_set_client = @saved_cs_client */;

--
-- Dumping data for table `DEFAULT_CLIENT_SCOPE`
--

LOCK TABLES `DEFAULT_CLIENT_SCOPE` WRITE;
/*!40000 ALTER TABLE `DEFAULT_CLIENT_SCOPE` DISABLE KEYS */;
INSERT INTO `DEFAULT_CLIENT_SCOPE` VALUES ('master','1929a774-a4a3-4fea-a6cb-9de3a80673f7',_binary ''),('master','298c41f9-4a05-45cb-a7ca-3714f621b6d3',_binary ''),('master','39e8360b-cce4-4e3d-b130-298cbbd9cb08',_binary ''),('master','6f00f96f-d999-499a-bd4f-e9ab4aa1309b',_binary ''),('master','7a22cd3d-b686-436b-b60b-c2cc47a170ce',_binary '\0'),('master','7f616719-b215-445f-8f85-18ee8f115310',_binary ''),('master','b70579fe-fde9-4c69-a0b3-40abc4413fee',_binary '\0'),('master','bbc152ee-56a4-4e83-8f0d-0eed69839976',_binary '\0'),('master','e10107df-0a81-4e99-ba39-abd5ff7c6ef6',_binary '\0');
/*!40000 ALTER TABLE `DEFAULT_CLIENT_SCOPE` ENABLE KEYS */;
UNLOCK TABLES;

--
-- Table structure for table `EVENT_ENTITY`
--

DROP TABLE IF EXISTS `EVENT_ENTITY`;
/*!40101 SET @saved_cs_client     = @@character_set_client */;
 SET character_set_client = utf8mb4 ;
CREATE TABLE `EVENT_ENTITY` (
  `ID` varchar(36) NOT NULL,
  `CLIENT_ID` varchar(255) DEFAULT NULL,
  `DETAILS_JSON` varchar(2550) DEFAULT NULL,
  `ERROR` varchar(255) DEFAULT NULL,
  `IP_ADDRESS` varchar(255) DEFAULT NULL,
  `REALM_ID` varchar(255) DEFAULT NULL,
  `SESSION_ID` varchar(255) DEFAULT NULL,
  `EVENT_TIME` bigint(20) DEFAULT NULL,
  `TYPE` varchar(255) DEFAULT NULL,
  `USER_ID` varchar(255) DEFAULT NULL,
  PRIMARY KEY (`ID`)
) ENGINE=InnoDB DEFAULT CHARSET=utf8;
/*!40101 SET character_set_client = @saved_cs_client */;

--
-- Dumping data for table `EVENT_ENTITY`
--

LOCK TABLES `EVENT_ENTITY` WRITE;
/*!40000 ALTER TABLE `EVENT_ENTITY` DISABLE KEYS */;
/*!40000 ALTER TABLE `EVENT_ENTITY` ENABLE KEYS */;
UNLOCK TABLES;

--
-- Table structure for table `FEDERATED_IDENTITY`
--

DROP TABLE IF EXISTS `FEDERATED_IDENTITY`;
/*!40101 SET @saved_cs_client     = @@character_set_client */;
 SET character_set_client = utf8mb4 ;
CREATE TABLE `FEDERATED_IDENTITY` (
  `IDENTITY_PROVIDER` varchar(255) NOT NULL,
  `REALM_ID` varchar(36) DEFAULT NULL,
  `FEDERATED_USER_ID` varchar(255) DEFAULT NULL,
  `FEDERATED_USERNAME` varchar(255) DEFAULT NULL,
  `TOKEN` text,
  `USER_ID` varchar(36) NOT NULL,
  PRIMARY KEY (`IDENTITY_PROVIDER`,`USER_ID`),
  KEY `IDX_FEDIDENTITY_USER` (`USER_ID`),
  KEY `IDX_FEDIDENTITY_FEDUSER` (`FEDERATED_USER_ID`),
  CONSTRAINT `FK404288B92EF007A6` FOREIGN KEY (`USER_ID`) REFERENCES `USER_ENTITY` (`ID`)
) ENGINE=InnoDB DEFAULT CHARSET=utf8;
/*!40101 SET character_set_client = @saved_cs_client */;

--
-- Dumping data for table `FEDERATED_IDENTITY`
--

LOCK TABLES `FEDERATED_IDENTITY` WRITE;
/*!40000 ALTER TABLE `FEDERATED_IDENTITY` DISABLE KEYS */;
/*!40000 ALTER TABLE `FEDERATED_IDENTITY` ENABLE KEYS */;
UNLOCK TABLES;

--
-- Table structure for table `FEDERATED_USER`
--

DROP TABLE IF EXISTS `FEDERATED_USER`;
/*!40101 SET @saved_cs_client     = @@character_set_client */;
 SET character_set_client = utf8mb4 ;
CREATE TABLE `FEDERATED_USER` (
  `ID` varchar(255) NOT NULL,
  `STORAGE_PROVIDER_ID` varchar(255) DEFAULT NULL,
  `REALM_ID` varchar(36) NOT NULL,
  PRIMARY KEY (`ID`)
) ENGINE=InnoDB DEFAULT CHARSET=utf8;
/*!40101 SET character_set_client = @saved_cs_client */;

--
-- Dumping data for table `FEDERATED_USER`
--

LOCK TABLES `FEDERATED_USER` WRITE;
/*!40000 ALTER TABLE `FEDERATED_USER` DISABLE KEYS */;
/*!40000 ALTER TABLE `FEDERATED_USER` ENABLE KEYS */;
UNLOCK TABLES;

--
-- Table structure for table `FED_CREDENTIAL_ATTRIBUTE`
--

DROP TABLE IF EXISTS `FED_CREDENTIAL_ATTRIBUTE`;
/*!40101 SET @saved_cs_client     = @@character_set_client */;
 SET character_set_client = utf8mb4 ;
CREATE TABLE `FED_CREDENTIAL_ATTRIBUTE` (
  `ID` varchar(36) NOT NULL,
  `CREDENTIAL_ID` varchar(36) NOT NULL,
  `NAME` varchar(255) NOT NULL,
  `VALUE` varchar(4000) DEFAULT NULL,
  PRIMARY KEY (`ID`),
  KEY `IDX_FED_CRED_ATTR_CRED` (`CREDENTIAL_ID`),
  CONSTRAINT `FK_FED_CRED_ATTR` FOREIGN KEY (`CREDENTIAL_ID`) REFERENCES `FED_USER_CREDENTIAL` (`ID`)
) ENGINE=InnoDB DEFAULT CHARSET=utf8;
/*!40101 SET character_set_client = @saved_cs_client */;

--
-- Dumping data for table `FED_CREDENTIAL_ATTRIBUTE`
--

LOCK TABLES `FED_CREDENTIAL_ATTRIBUTE` WRITE;
/*!40000 ALTER TABLE `FED_CREDENTIAL_ATTRIBUTE` DISABLE KEYS */;
/*!40000 ALTER TABLE `FED_CREDENTIAL_ATTRIBUTE` ENABLE KEYS */;
UNLOCK TABLES;

--
-- Table structure for table `FED_USER_ATTRIBUTE`
--

DROP TABLE IF EXISTS `FED_USER_ATTRIBUTE`;
/*!40101 SET @saved_cs_client     = @@character_set_client */;
 SET character_set_client = utf8mb4 ;
CREATE TABLE `FED_USER_ATTRIBUTE` (
  `ID` varchar(36) NOT NULL,
  `NAME` varchar(255) NOT NULL,
  `USER_ID` varchar(255) NOT NULL,
  `REALM_ID` varchar(36) NOT NULL,
  `STORAGE_PROVIDER_ID` varchar(36) DEFAULT NULL,
  `VALUE` varchar(2024) DEFAULT NULL,
  PRIMARY KEY (`ID`),
  KEY `IDX_FU_ATTRIBUTE` (`USER_ID`,`REALM_ID`,`NAME`)
) ENGINE=InnoDB DEFAULT CHARSET=utf8;
/*!40101 SET character_set_client = @saved_cs_client */;

--
-- Dumping data for table `FED_USER_ATTRIBUTE`
--

LOCK TABLES `FED_USER_ATTRIBUTE` WRITE;
/*!40000 ALTER TABLE `FED_USER_ATTRIBUTE` DISABLE KEYS */;
/*!40000 ALTER TABLE `FED_USER_ATTRIBUTE` ENABLE KEYS */;
UNLOCK TABLES;

--
-- Table structure for table `FED_USER_CONSENT`
--

DROP TABLE IF EXISTS `FED_USER_CONSENT`;
/*!40101 SET @saved_cs_client     = @@character_set_client */;
 SET character_set_client = utf8mb4 ;
CREATE TABLE `FED_USER_CONSENT` (
  `ID` varchar(36) NOT NULL,
  `CLIENT_ID` varchar(36) DEFAULT NULL,
  `USER_ID` varchar(255) NOT NULL,
  `REALM_ID` varchar(36) NOT NULL,
  `STORAGE_PROVIDER_ID` varchar(36) DEFAULT NULL,
  `CREATED_DATE` bigint(20) DEFAULT NULL,
  `LAST_UPDATED_DATE` bigint(20) DEFAULT NULL,
  `CLIENT_STORAGE_PROVIDER` varchar(36) DEFAULT NULL,
  `EXTERNAL_CLIENT_ID` varchar(255) DEFAULT NULL,
  PRIMARY KEY (`ID`),
  KEY `IDX_FU_CONSENT` (`USER_ID`,`CLIENT_ID`),
  KEY `IDX_FU_CONSENT_RU` (`REALM_ID`,`USER_ID`),
  KEY `IDX_FU_CNSNT_EXT` (`USER_ID`,`CLIENT_STORAGE_PROVIDER`,`EXTERNAL_CLIENT_ID`)
) ENGINE=InnoDB DEFAULT CHARSET=utf8;
/*!40101 SET character_set_client = @saved_cs_client */;

--
-- Dumping data for table `FED_USER_CONSENT`
--

LOCK TABLES `FED_USER_CONSENT` WRITE;
/*!40000 ALTER TABLE `FED_USER_CONSENT` DISABLE KEYS */;
/*!40000 ALTER TABLE `FED_USER_CONSENT` ENABLE KEYS */;
UNLOCK TABLES;

--
-- Table structure for table `FED_USER_CONSENT_CL_SCOPE`
--

DROP TABLE IF EXISTS `FED_USER_CONSENT_CL_SCOPE`;
/*!40101 SET @saved_cs_client     = @@character_set_client */;
 SET character_set_client = utf8mb4 ;
CREATE TABLE `FED_USER_CONSENT_CL_SCOPE` (
  `USER_CONSENT_ID` varchar(36) NOT NULL,
  `SCOPE_ID` varchar(36) NOT NULL,
  PRIMARY KEY (`USER_CONSENT_ID`,`SCOPE_ID`)
) ENGINE=InnoDB DEFAULT CHARSET=utf8;
/*!40101 SET character_set_client = @saved_cs_client */;

--
-- Dumping data for table `FED_USER_CONSENT_CL_SCOPE`
--

LOCK TABLES `FED_USER_CONSENT_CL_SCOPE` WRITE;
/*!40000 ALTER TABLE `FED_USER_CONSENT_CL_SCOPE` DISABLE KEYS */;
/*!40000 ALTER TABLE `FED_USER_CONSENT_CL_SCOPE` ENABLE KEYS */;
UNLOCK TABLES;

--
-- Table structure for table `FED_USER_CREDENTIAL`
--

DROP TABLE IF EXISTS `FED_USER_CREDENTIAL`;
/*!40101 SET @saved_cs_client     = @@character_set_client */;
 SET character_set_client = utf8mb4 ;
CREATE TABLE `FED_USER_CREDENTIAL` (
  `ID` varchar(36) NOT NULL,
  `DEVICE` varchar(255) DEFAULT NULL,
  `HASH_ITERATIONS` int(11) DEFAULT NULL,
  `SALT` tinyblob,
  `TYPE` varchar(255) DEFAULT NULL,
  `VALUE` varchar(255) DEFAULT NULL,
  `CREATED_DATE` bigint(20) DEFAULT NULL,
  `COUNTER` int(11) DEFAULT '0',
  `DIGITS` int(11) DEFAULT '6',
  `PERIOD` int(11) DEFAULT '30',
  `ALGORITHM` varchar(36) DEFAULT 'HmacSHA1',
  `USER_ID` varchar(255) NOT NULL,
  `REALM_ID` varchar(36) NOT NULL,
  `STORAGE_PROVIDER_ID` varchar(36) DEFAULT NULL,
  PRIMARY KEY (`ID`),
  KEY `IDX_FU_CREDENTIAL` (`USER_ID`,`TYPE`),
  KEY `IDX_FU_CREDENTIAL_RU` (`REALM_ID`,`USER_ID`)
) ENGINE=InnoDB DEFAULT CHARSET=utf8;
/*!40101 SET character_set_client = @saved_cs_client */;

--
-- Dumping data for table `FED_USER_CREDENTIAL`
--

LOCK TABLES `FED_USER_CREDENTIAL` WRITE;
/*!40000 ALTER TABLE `FED_USER_CREDENTIAL` DISABLE KEYS */;
/*!40000 ALTER TABLE `FED_USER_CREDENTIAL` ENABLE KEYS */;
UNLOCK TABLES;

--
-- Table structure for table `FED_USER_GROUP_MEMBERSHIP`
--

DROP TABLE IF EXISTS `FED_USER_GROUP_MEMBERSHIP`;
/*!40101 SET @saved_cs_client     = @@character_set_client */;
 SET character_set_client = utf8mb4 ;
CREATE TABLE `FED_USER_GROUP_MEMBERSHIP` (
  `GROUP_ID` varchar(36) NOT NULL,
  `USER_ID` varchar(255) NOT NULL,
  `REALM_ID` varchar(36) NOT NULL,
  `STORAGE_PROVIDER_ID` varchar(36) DEFAULT NULL,
  PRIMARY KEY (`GROUP_ID`,`USER_ID`),
  KEY `IDX_FU_GROUP_MEMBERSHIP` (`USER_ID`,`GROUP_ID`),
  KEY `IDX_FU_GROUP_MEMBERSHIP_RU` (`REALM_ID`,`USER_ID`)
) ENGINE=InnoDB DEFAULT CHARSET=utf8;
/*!40101 SET character_set_client = @saved_cs_client */;

--
-- Dumping data for table `FED_USER_GROUP_MEMBERSHIP`
--

LOCK TABLES `FED_USER_GROUP_MEMBERSHIP` WRITE;
/*!40000 ALTER TABLE `FED_USER_GROUP_MEMBERSHIP` DISABLE KEYS */;
/*!40000 ALTER TABLE `FED_USER_GROUP_MEMBERSHIP` ENABLE KEYS */;
UNLOCK TABLES;

--
-- Table structure for table `FED_USER_REQUIRED_ACTION`
--

DROP TABLE IF EXISTS `FED_USER_REQUIRED_ACTION`;
/*!40101 SET @saved_cs_client     = @@character_set_client */;
 SET character_set_client = utf8mb4 ;
CREATE TABLE `FED_USER_REQUIRED_ACTION` (
  `REQUIRED_ACTION` varchar(255) NOT NULL DEFAULT ' ',
  `USER_ID` varchar(255) NOT NULL,
  `REALM_ID` varchar(36) NOT NULL,
  `STORAGE_PROVIDER_ID` varchar(36) DEFAULT NULL,
  PRIMARY KEY (`REQUIRED_ACTION`,`USER_ID`),
  KEY `IDX_FU_REQUIRED_ACTION` (`USER_ID`,`REQUIRED_ACTION`),
  KEY `IDX_FU_REQUIRED_ACTION_RU` (`REALM_ID`,`USER_ID`)
) ENGINE=InnoDB DEFAULT CHARSET=utf8;
/*!40101 SET character_set_client = @saved_cs_client */;

--
-- Dumping data for table `FED_USER_REQUIRED_ACTION`
--

LOCK TABLES `FED_USER_REQUIRED_ACTION` WRITE;
/*!40000 ALTER TABLE `FED_USER_REQUIRED_ACTION` DISABLE KEYS */;
/*!40000 ALTER TABLE `FED_USER_REQUIRED_ACTION` ENABLE KEYS */;
UNLOCK TABLES;

--
-- Table structure for table `FED_USER_ROLE_MAPPING`
--

DROP TABLE IF EXISTS `FED_USER_ROLE_MAPPING`;
/*!40101 SET @saved_cs_client     = @@character_set_client */;
 SET character_set_client = utf8mb4 ;
CREATE TABLE `FED_USER_ROLE_MAPPING` (
  `ROLE_ID` varchar(36) NOT NULL,
  `USER_ID` varchar(255) NOT NULL,
  `REALM_ID` varchar(36) NOT NULL,
  `STORAGE_PROVIDER_ID` varchar(36) DEFAULT NULL,
  PRIMARY KEY (`ROLE_ID`,`USER_ID`),
  KEY `IDX_FU_ROLE_MAPPING` (`USER_ID`,`ROLE_ID`),
  KEY `IDX_FU_ROLE_MAPPING_RU` (`REALM_ID`,`USER_ID`)
) ENGINE=InnoDB DEFAULT CHARSET=utf8;
/*!40101 SET character_set_client = @saved_cs_client */;

--
-- Dumping data for table `FED_USER_ROLE_MAPPING`
--

LOCK TABLES `FED_USER_ROLE_MAPPING` WRITE;
/*!40000 ALTER TABLE `FED_USER_ROLE_MAPPING` DISABLE KEYS */;
/*!40000 ALTER TABLE `FED_USER_ROLE_MAPPING` ENABLE KEYS */;
UNLOCK TABLES;

--
-- Table structure for table `GROUP_ATTRIBUTE`
--

DROP TABLE IF EXISTS `GROUP_ATTRIBUTE`;
/*!40101 SET @saved_cs_client     = @@character_set_client */;
 SET character_set_client = utf8mb4 ;
CREATE TABLE `GROUP_ATTRIBUTE` (
  `ID` varchar(36) NOT NULL DEFAULT 'sybase-needs-something-here',
  `NAME` varchar(255) NOT NULL,
  `VALUE` varchar(255) CHARACTER SET utf8 COLLATE utf8_general_ci DEFAULT NULL,
  `GROUP_ID` varchar(36) NOT NULL,
  PRIMARY KEY (`ID`),
  KEY `IDX_GROUP_ATTR_GROUP` (`GROUP_ID`),
  CONSTRAINT `FK_GROUP_ATTRIBUTE_GROUP` FOREIGN KEY (`GROUP_ID`) REFERENCES `KEYCLOAK_GROUP` (`ID`)
) ENGINE=InnoDB DEFAULT CHARSET=utf8;
/*!40101 SET character_set_client = @saved_cs_client */;

--
-- Dumping data for table `GROUP_ATTRIBUTE`
--

LOCK TABLES `GROUP_ATTRIBUTE` WRITE;
/*!40000 ALTER TABLE `GROUP_ATTRIBUTE` DISABLE KEYS */;
/*!40000 ALTER TABLE `GROUP_ATTRIBUTE` ENABLE KEYS */;
UNLOCK TABLES;

--
-- Table structure for table `GROUP_ROLE_MAPPING`
--

DROP TABLE IF EXISTS `GROUP_ROLE_MAPPING`;
/*!40101 SET @saved_cs_client     = @@character_set_client */;
 SET character_set_client = utf8mb4 ;
CREATE TABLE `GROUP_ROLE_MAPPING` (
  `ROLE_ID` varchar(36) NOT NULL,
  `GROUP_ID` varchar(36) NOT NULL,
  PRIMARY KEY (`ROLE_ID`,`GROUP_ID`),
  KEY `IDX_GROUP_ROLE_MAPP_GROUP` (`GROUP_ID`),
  CONSTRAINT `FK_GROUP_ROLE_GROUP` FOREIGN KEY (`GROUP_ID`) REFERENCES `KEYCLOAK_GROUP` (`ID`),
  CONSTRAINT `FK_GROUP_ROLE_ROLE` FOREIGN KEY (`ROLE_ID`) REFERENCES `KEYCLOAK_ROLE` (`ID`)
) ENGINE=InnoDB DEFAULT CHARSET=utf8;
/*!40101 SET character_set_client = @saved_cs_client */;

--
-- Dumping data for table `GROUP_ROLE_MAPPING`
--

LOCK TABLES `GROUP_ROLE_MAPPING` WRITE;
/*!40000 ALTER TABLE `GROUP_ROLE_MAPPING` DISABLE KEYS */;
/*!40000 ALTER TABLE `GROUP_ROLE_MAPPING` ENABLE KEYS */;
UNLOCK TABLES;

--
-- Table structure for table `IDENTITY_PROVIDER`
--

DROP TABLE IF EXISTS `IDENTITY_PROVIDER`;
/*!40101 SET @saved_cs_client     = @@character_set_client */;
 SET character_set_client = utf8mb4 ;
CREATE TABLE `IDENTITY_PROVIDER` (
  `INTERNAL_ID` varchar(36) NOT NULL,
  `ENABLED` bit(1) NOT NULL DEFAULT b'0',
  `PROVIDER_ALIAS` varchar(255) DEFAULT NULL,
  `PROVIDER_ID` varchar(255) DEFAULT NULL,
  `STORE_TOKEN` bit(1) NOT NULL DEFAULT b'0',
  `AUTHENTICATE_BY_DEFAULT` bit(1) NOT NULL DEFAULT b'0',
  `REALM_ID` varchar(36) DEFAULT NULL,
  `ADD_TOKEN_ROLE` bit(1) NOT NULL DEFAULT b'1',
  `TRUST_EMAIL` bit(1) NOT NULL DEFAULT b'0',
  `FIRST_BROKER_LOGIN_FLOW_ID` varchar(36) DEFAULT NULL,
  `POST_BROKER_LOGIN_FLOW_ID` varchar(36) DEFAULT NULL,
  `PROVIDER_DISPLAY_NAME` varchar(255) DEFAULT NULL,
  `LINK_ONLY` bit(1) NOT NULL DEFAULT b'0',
  PRIMARY KEY (`INTERNAL_ID`),
  UNIQUE KEY `UK_2DAELWNIBJI49AVXSRTUF6XJ33` (`PROVIDER_ALIAS`,`REALM_ID`),
  KEY `IDX_IDENT_PROV_REALM` (`REALM_ID`),
  CONSTRAINT `FK2B4EBC52AE5C3B34` FOREIGN KEY (`REALM_ID`) REFERENCES `REALM` (`ID`)
) ENGINE=InnoDB DEFAULT CHARSET=utf8;
/*!40101 SET character_set_client = @saved_cs_client */;

--
-- Dumping data for table `IDENTITY_PROVIDER`
--

LOCK TABLES `IDENTITY_PROVIDER` WRITE;
/*!40000 ALTER TABLE `IDENTITY_PROVIDER` DISABLE KEYS */;
/*!40000 ALTER TABLE `IDENTITY_PROVIDER` ENABLE KEYS */;
UNLOCK TABLES;

--
-- Table structure for table `IDENTITY_PROVIDER_CONFIG`
--

DROP TABLE IF EXISTS `IDENTITY_PROVIDER_CONFIG`;
/*!40101 SET @saved_cs_client     = @@character_set_client */;
 SET character_set_client = utf8mb4 ;
CREATE TABLE `IDENTITY_PROVIDER_CONFIG` (
  `IDENTITY_PROVIDER_ID` varchar(36) NOT NULL,
  `VALUE` longtext,
  `NAME` varchar(255) NOT NULL,
  PRIMARY KEY (`IDENTITY_PROVIDER_ID`,`NAME`),
  CONSTRAINT `FKDC4897CF864C4E43` FOREIGN KEY (`IDENTITY_PROVIDER_ID`) REFERENCES `IDENTITY_PROVIDER` (`INTERNAL_ID`)
) ENGINE=InnoDB DEFAULT CHARSET=utf8;
/*!40101 SET character_set_client = @saved_cs_client */;

--
-- Dumping data for table `IDENTITY_PROVIDER_CONFIG`
--

LOCK TABLES `IDENTITY_PROVIDER_CONFIG` WRITE;
/*!40000 ALTER TABLE `IDENTITY_PROVIDER_CONFIG` DISABLE KEYS */;
/*!40000 ALTER TABLE `IDENTITY_PROVIDER_CONFIG` ENABLE KEYS */;
UNLOCK TABLES;

--
-- Table structure for table `IDENTITY_PROVIDER_MAPPER`
--

DROP TABLE IF EXISTS `IDENTITY_PROVIDER_MAPPER`;
/*!40101 SET @saved_cs_client     = @@character_set_client */;
 SET character_set_client = utf8mb4 ;
CREATE TABLE `IDENTITY_PROVIDER_MAPPER` (
  `ID` varchar(36) NOT NULL,
  `NAME` varchar(255) NOT NULL,
  `IDP_ALIAS` varchar(255) NOT NULL,
  `IDP_MAPPER_NAME` varchar(255) NOT NULL,
  `REALM_ID` varchar(36) NOT NULL,
  PRIMARY KEY (`ID`),
  KEY `IDX_ID_PROV_MAPP_REALM` (`REALM_ID`),
  CONSTRAINT `FK_IDPM_REALM` FOREIGN KEY (`REALM_ID`) REFERENCES `REALM` (`ID`)
) ENGINE=InnoDB DEFAULT CHARSET=utf8;
/*!40101 SET character_set_client = @saved_cs_client */;

--
-- Dumping data for table `IDENTITY_PROVIDER_MAPPER`
--

LOCK TABLES `IDENTITY_PROVIDER_MAPPER` WRITE;
/*!40000 ALTER TABLE `IDENTITY_PROVIDER_MAPPER` DISABLE KEYS */;
/*!40000 ALTER TABLE `IDENTITY_PROVIDER_MAPPER` ENABLE KEYS */;
UNLOCK TABLES;

--
-- Table structure for table `IDP_MAPPER_CONFIG`
--

DROP TABLE IF EXISTS `IDP_MAPPER_CONFIG`;
/*!40101 SET @saved_cs_client     = @@character_set_client */;
 SET character_set_client = utf8mb4 ;
CREATE TABLE `IDP_MAPPER_CONFIG` (
  `IDP_MAPPER_ID` varchar(36) NOT NULL,
  `VALUE` longtext,
  `NAME` varchar(255) NOT NULL,
  PRIMARY KEY (`IDP_MAPPER_ID`,`NAME`),
  CONSTRAINT `FK_IDPMCONFIG` FOREIGN KEY (`IDP_MAPPER_ID`) REFERENCES `IDENTITY_PROVIDER_MAPPER` (`ID`)
) ENGINE=InnoDB DEFAULT CHARSET=utf8;
/*!40101 SET character_set_client = @saved_cs_client */;

--
-- Dumping data for table `IDP_MAPPER_CONFIG`
--

LOCK TABLES `IDP_MAPPER_CONFIG` WRITE;
/*!40000 ALTER TABLE `IDP_MAPPER_CONFIG` DISABLE KEYS */;
/*!40000 ALTER TABLE `IDP_MAPPER_CONFIG` ENABLE KEYS */;
UNLOCK TABLES;

--
-- Table structure for table `KEYCLOAK_GROUP`
--

DROP TABLE IF EXISTS `KEYCLOAK_GROUP`;
/*!40101 SET @saved_cs_client     = @@character_set_client */;
 SET character_set_client = utf8mb4 ;
CREATE TABLE `KEYCLOAK_GROUP` (
  `ID` varchar(36) NOT NULL,
  `NAME` varchar(255) CHARACTER SET utf8 COLLATE utf8_general_ci DEFAULT NULL,
  `PARENT_GROUP` varchar(36) DEFAULT NULL,
  `REALM_ID` varchar(36) DEFAULT NULL,
  PRIMARY KEY (`ID`),
  UNIQUE KEY `SIBLING_NAMES` (`REALM_ID`,`PARENT_GROUP`,`NAME`),
  CONSTRAINT `FK_GROUP_REALM` FOREIGN KEY (`REALM_ID`) REFERENCES `REALM` (`ID`)
) ENGINE=InnoDB DEFAULT CHARSET=utf8;
/*!40101 SET character_set_client = @saved_cs_client */;

--
-- Dumping data for table `KEYCLOAK_GROUP`
--

LOCK TABLES `KEYCLOAK_GROUP` WRITE;
/*!40000 ALTER TABLE `KEYCLOAK_GROUP` DISABLE KEYS */;
/*!40000 ALTER TABLE `KEYCLOAK_GROUP` ENABLE KEYS */;
UNLOCK TABLES;

--
-- Table structure for table `KEYCLOAK_ROLE`
--

DROP TABLE IF EXISTS `KEYCLOAK_ROLE`;
/*!40101 SET @saved_cs_client     = @@character_set_client */;
 SET character_set_client = utf8mb4 ;
CREATE TABLE `KEYCLOAK_ROLE` (
  `ID` varchar(36) NOT NULL,
  `CLIENT_REALM_CONSTRAINT` varchar(36) DEFAULT NULL,
  `CLIENT_ROLE` bit(1) DEFAULT NULL,
  `DESCRIPTION` varchar(255) CHARACTER SET utf8 COLLATE utf8_general_ci DEFAULT NULL,
  `NAME` varchar(255) CHARACTER SET utf8 COLLATE utf8_general_ci DEFAULT NULL,
  `REALM_ID` varchar(255) DEFAULT NULL,
  `CLIENT` varchar(36) DEFAULT NULL,
  `REALM` varchar(36) DEFAULT NULL,
  PRIMARY KEY (`ID`),
  UNIQUE KEY `UK_J3RWUVD56ONTGSUHOGM184WW2-2` (`NAME`,`CLIENT_REALM_CONSTRAINT`),
  KEY `IDX_KEYCLOAK_ROLE_CLIENT` (`CLIENT`),
  KEY `IDX_KEYCLOAK_ROLE_REALM` (`REALM`),
  CONSTRAINT `FK_6VYQFE4CN4WLQ8R6KT5VDSJ5C` FOREIGN KEY (`REALM`) REFERENCES `REALM` (`ID`),
  CONSTRAINT `FK_KJHO5LE2C0RAL09FL8CM9WFW9` FOREIGN KEY (`CLIENT`) REFERENCES `CLIENT` (`ID`)
) ENGINE=InnoDB DEFAULT CHARSET=utf8;
/*!40101 SET character_set_client = @saved_cs_client */;

--
-- Dumping data for table `KEYCLOAK_ROLE`
--

LOCK TABLES `KEYCLOAK_ROLE` WRITE;
/*!40000 ALTER TABLE `KEYCLOAK_ROLE` DISABLE KEYS */;
INSERT INTO `KEYCLOAK_ROLE` VALUES ('001cfadf-5f96-4b03-9813-d6b86af37d9a','master',_binary '\0','${role_create-realm}','create-realm','master',NULL,'master'),('03597e15-199f-4659-9766-eda8b02ba588','8e0021cc-698f-4ae1-b644-90a2895f521b',_binary '','${role_query-clients}','query-clients','master','8e0021cc-698f-4ae1-b644-90a2895f521b',NULL),('088c256d-aa93-468e-ac14-eb2c8ebedc4b','master',_binary '\0','${role_admin}','admin','master',NULL,'master'),('1eef8106-29c8-4c2f-936b-c10fdb9bd605','8e0021cc-698f-4ae1-b644-90a2895f521b',_binary '','${role_manage-authorization}','manage-authorization','master','8e0021cc-698f-4ae1-b644-90a2895f521b',NULL),('30621c1b-e462-468f-9edc-cb94c74be93a','8e0021cc-698f-4ae1-b644-90a2895f521b',_binary '','${role_create-client}','create-client','master','8e0021cc-698f-4ae1-b644-90a2895f521b',NULL),('33d935ab-f57e-4fb5-ada0-3120453cc28d','8e0021cc-698f-4ae1-b644-90a2895f521b',_binary '','${role_manage-events}','manage-events','master','8e0021cc-698f-4ae1-b644-90a2895f521b',NULL),('3bb4ca76-34e5-4bfb-9fd3-7c623bc1d51c','master',_binary '\0','${role_offline-access}','offline_access','master',NULL,'master'),('407c047f-b1d2-46e6-82fe-7e18e0de1b80','8e0021cc-698f-4ae1-b644-90a2895f521b',_binary '','${role_query-realms}','query-realms','master','8e0021cc-698f-4ae1-b644-90a2895f521b',NULL),('534198e8-6bae-4f4f-92ea-5925d850c996','48c49f77-fbcc-4c38-b5f4-bba51011458b',_binary '','${role_manage-account-links}','manage-account-links','master','48c49f77-fbcc-4c38-b5f4-bba51011458b',NULL),('5aac4d81-6545-483d-9726-c14e9d7a583a','8e0021cc-698f-4ae1-b644-90a2895f521b',_binary '','${role_view-clients}','view-clients','master','8e0021cc-698f-4ae1-b644-90a2895f521b',NULL),('5e13f194-516f-459d-a0ca-7dbb79012186','48c49f77-fbcc-4c38-b5f4-bba51011458b',_binary '','${role_manage-account}','manage-account','master','48c49f77-fbcc-4c38-b5f4-bba51011458b',NULL),('5f4be1b8-4687-4a86-abe0-e82deddffc6f','48c49f77-fbcc-4c38-b5f4-bba51011458b',_binary '','${role_view-profile}','view-profile','master','48c49f77-fbcc-4c38-b5f4-bba51011458b',NULL),('670448e9-3caf-4ae1-a3bd-021ce7595ef0','master',_binary '\0','${role_uma_authorization}','uma_authorization','master',NULL,'master'),('6a2bfb1b-cee2-4448-b67e-b161b2d866d2','8e0021cc-698f-4ae1-b644-90a2895f521b',_binary '','${role_view-realm}','view-realm','master','8e0021cc-698f-4ae1-b644-90a2895f521b',NULL),('6e41a017-8ef7-41c8-8ecd-d913de40cb66','8e0021cc-698f-4ae1-b644-90a2895f521b',_binary '','${role_query-users}','query-users','master','8e0021cc-698f-4ae1-b644-90a2895f521b',NULL),('754f9434-3a21-4a5e-801f-35813d33ca26','8e0021cc-698f-4ae1-b644-90a2895f521b',_binary '','${role_query-groups}','query-groups','master','8e0021cc-698f-4ae1-b644-90a2895f521b',NULL),('81f186d9-5386-4366-bd1e-f8e6c643e721','8e0021cc-698f-4ae1-b644-90a2895f521b',_binary '','${role_view-events}','view-events','master','8e0021cc-698f-4ae1-b644-90a2895f521b',NULL),('8261fe6f-14ce-41ef-947f-5803755e6e94','8e0021cc-698f-4ae1-b644-90a2895f521b',_binary '','${role_manage-identity-providers}','manage-identity-providers','master','8e0021cc-698f-4ae1-b644-90a2895f521b',NULL),('921c5077-91ba-4ea4-9849-8ec0bad5cfbd','b4665221-f991-4d5a-b8f9-f3468433d2d7',_binary '','${role_read-token}','read-token','master','b4665221-f991-4d5a-b8f9-f3468433d2d7',NULL),('97fe3ecb-2990-4ba0-9d22-c1f316f3770b','8e0021cc-698f-4ae1-b644-90a2895f521b',_binary '','${role_manage-users}','manage-users','master','8e0021cc-698f-4ae1-b644-90a2895f521b',NULL),('9cb27a91-9733-4660-85f2-5f9296631c1d','8e0021cc-698f-4ae1-b644-90a2895f521b',_binary '','${role_view-identity-providers}','view-identity-providers','master','8e0021cc-698f-4ae1-b644-90a2895f521b',NULL),('bc9c6f72-4ace-41fd-b99e-9628bff35ff1','8e0021cc-698f-4ae1-b644-90a2895f521b',_binary '','${role_manage-clients}','manage-clients','master','8e0021cc-698f-4ae1-b644-90a2895f521b',NULL),('ddf14f02-d663-462d-95df-ecf000e2b158','8e0021cc-698f-4ae1-b644-90a2895f521b',_binary '','${role_view-users}','view-users','master','8e0021cc-698f-4ae1-b644-90a2895f521b',NULL),('f1524d84-4367-4f1c-baf8-c7f2062e9064','8e0021cc-698f-4ae1-b644-90a2895f521b',_binary '','${role_view-authorization}','view-authorization','master','8e0021cc-698f-4ae1-b644-90a2895f521b',NULL),('f785b15c-ebd0-43e0-b017-cddde78c4b2c','8e0021cc-698f-4ae1-b644-90a2895f521b',_binary '','${role_impersonation}','impersonation','master','8e0021cc-698f-4ae1-b644-90a2895f521b',NULL),('f8a83d30-edc6-4cd2-a4ed-9e68010e55d0','8e0021cc-698f-4ae1-b644-90a2895f521b',_binary '','${role_manage-realm}','manage-realm','master','8e0021cc-698f-4ae1-b644-90a2895f521b',NULL);
/*!40000 ALTER TABLE `KEYCLOAK_ROLE` ENABLE KEYS */;
UNLOCK TABLES;

--
-- Table structure for table `MIGRATION_MODEL`
--

DROP TABLE IF EXISTS `MIGRATION_MODEL`;
/*!40101 SET @saved_cs_client     = @@character_set_client */;
 SET character_set_client = utf8mb4 ;
CREATE TABLE `MIGRATION_MODEL` (
  `ID` varchar(36) NOT NULL,
  `VERSION` varchar(36) DEFAULT NULL,
  PRIMARY KEY (`ID`)
) ENGINE=InnoDB DEFAULT CHARSET=utf8;
/*!40101 SET character_set_client = @saved_cs_client */;

--
-- Dumping data for table `MIGRATION_MODEL`
--

LOCK TABLES `MIGRATION_MODEL` WRITE;
/*!40000 ALTER TABLE `MIGRATION_MODEL` DISABLE KEYS */;
INSERT INTO `MIGRATION_MODEL` VALUES ('SINGLETON','4.6.0');
/*!40000 ALTER TABLE `MIGRATION_MODEL` ENABLE KEYS */;
UNLOCK TABLES;

--
-- Table structure for table `OFFLINE_CLIENT_SESSION`
--

DROP TABLE IF EXISTS `OFFLINE_CLIENT_SESSION`;
/*!40101 SET @saved_cs_client     = @@character_set_client */;
 SET character_set_client = utf8mb4 ;
CREATE TABLE `OFFLINE_CLIENT_SESSION` (
  `USER_SESSION_ID` varchar(36) NOT NULL,
  `CLIENT_ID` varchar(36) NOT NULL,
  `OFFLINE_FLAG` varchar(4) NOT NULL,
  `TIMESTAMP` int(11) DEFAULT NULL,
  `DATA` longtext,
  `CLIENT_STORAGE_PROVIDER` varchar(36) NOT NULL DEFAULT 'local',
  `EXTERNAL_CLIENT_ID` varchar(255) NOT NULL DEFAULT 'local',
  PRIMARY KEY (`USER_SESSION_ID`,`CLIENT_ID`,`CLIENT_STORAGE_PROVIDER`,`EXTERNAL_CLIENT_ID`,`OFFLINE_FLAG`),
  KEY `IDX_US_SESS_ID_ON_CL_SESS` (`USER_SESSION_ID`)
) ENGINE=InnoDB DEFAULT CHARSET=utf8;
/*!40101 SET character_set_client = @saved_cs_client */;

--
-- Dumping data for table `OFFLINE_CLIENT_SESSION`
--

LOCK TABLES `OFFLINE_CLIENT_SESSION` WRITE;
/*!40000 ALTER TABLE `OFFLINE_CLIENT_SESSION` DISABLE KEYS */;
/*!40000 ALTER TABLE `OFFLINE_CLIENT_SESSION` ENABLE KEYS */;
UNLOCK TABLES;

--
-- Table structure for table `OFFLINE_USER_SESSION`
--

DROP TABLE IF EXISTS `OFFLINE_USER_SESSION`;
/*!40101 SET @saved_cs_client     = @@character_set_client */;
 SET character_set_client = utf8mb4 ;
CREATE TABLE `OFFLINE_USER_SESSION` (
  `USER_SESSION_ID` varchar(36) NOT NULL,
  `USER_ID` varchar(255) DEFAULT NULL,
  `REALM_ID` varchar(36) NOT NULL,
  `CREATED_ON` int(11) NOT NULL,
  `OFFLINE_FLAG` varchar(4) NOT NULL,
  `DATA` longtext,
  `LAST_SESSION_REFRESH` int(11) NOT NULL DEFAULT '0',
  PRIMARY KEY (`USER_SESSION_ID`,`OFFLINE_FLAG`),
  KEY `IDX_OFFLINE_USS_CREATEDON` (`CREATED_ON`)
) ENGINE=InnoDB DEFAULT CHARSET=utf8;
/*!40101 SET character_set_client = @saved_cs_client */;

--
-- Dumping data for table `OFFLINE_USER_SESSION`
--

LOCK TABLES `OFFLINE_USER_SESSION` WRITE;
/*!40000 ALTER TABLE `OFFLINE_USER_SESSION` DISABLE KEYS */;
/*!40000 ALTER TABLE `OFFLINE_USER_SESSION` ENABLE KEYS */;
UNLOCK TABLES;

--
-- Table structure for table `POLICY_CONFIG`
--

DROP TABLE IF EXISTS `POLICY_CONFIG`;
/*!40101 SET @saved_cs_client     = @@character_set_client */;
 SET character_set_client = utf8mb4 ;
CREATE TABLE `POLICY_CONFIG` (
  `POLICY_ID` varchar(36) NOT NULL,
  `NAME` varchar(255) NOT NULL,
  `VALUE` longtext,
  PRIMARY KEY (`POLICY_ID`,`NAME`),
  CONSTRAINT `FKDC34197CF864C4E43` FOREIGN KEY (`POLICY_ID`) REFERENCES `RESOURCE_SERVER_POLICY` (`ID`)
) ENGINE=InnoDB DEFAULT CHARSET=utf8;
/*!40101 SET character_set_client = @saved_cs_client */;

--
-- Dumping data for table `POLICY_CONFIG`
--

LOCK TABLES `POLICY_CONFIG` WRITE;
/*!40000 ALTER TABLE `POLICY_CONFIG` DISABLE KEYS */;
/*!40000 ALTER TABLE `POLICY_CONFIG` ENABLE KEYS */;
UNLOCK TABLES;

--
-- Table structure for table `PROTOCOL_MAPPER`
--

DROP TABLE IF EXISTS `PROTOCOL_MAPPER`;
/*!40101 SET @saved_cs_client     = @@character_set_client */;
 SET character_set_client = utf8mb4 ;
CREATE TABLE `PROTOCOL_MAPPER` (
  `ID` varchar(36) NOT NULL,
  `NAME` varchar(255) NOT NULL,
  `PROTOCOL` varchar(255) NOT NULL,
  `PROTOCOL_MAPPER_NAME` varchar(255) NOT NULL,
  `CLIENT_ID` varchar(36) DEFAULT NULL,
  `CLIENT_SCOPE_ID` varchar(36) DEFAULT NULL,
  PRIMARY KEY (`ID`),
  KEY `IDX_PROTOCOL_MAPPER_CLIENT` (`CLIENT_ID`),
  KEY `IDX_CLSCOPE_PROTMAP` (`CLIENT_SCOPE_ID`),
  CONSTRAINT `FK_CLI_SCOPE_MAPPER` FOREIGN KEY (`CLIENT_SCOPE_ID`) REFERENCES `CLIENT_SCOPE` (`ID`),
  CONSTRAINT `FK_PCM_REALM` FOREIGN KEY (`CLIENT_ID`) REFERENCES `CLIENT` (`ID`)
) ENGINE=InnoDB DEFAULT CHARSET=utf8;
/*!40101 SET character_set_client = @saved_cs_client */;

--
-- Dumping data for table `PROTOCOL_MAPPER`
--

LOCK TABLES `PROTOCOL_MAPPER` WRITE;
/*!40000 ALTER TABLE `PROTOCOL_MAPPER` DISABLE KEYS */;
INSERT INTO `PROTOCOL_MAPPER` VALUES ('1e81d022-1c9c-434f-ad4e-14cf05641d46','gender','openid-connect','oidc-usermodel-attribute-mapper',NULL,'1929a774-a4a3-4fea-a6cb-9de3a80673f7'),('202018fa-bebc-4ab0-811c-207ffc01058b','full name','openid-connect','oidc-full-name-mapper',NULL,'1929a774-a4a3-4fea-a6cb-9de3a80673f7'),('3cecaee6-d49d-4bbb-b6d4-8cf77dfe5bea','phone number verified','openid-connect','oidc-usermodel-attribute-mapper',NULL,'e10107df-0a81-4e99-ba39-abd5ff7c6ef6'),('3d104988-c3b6-4dc1-b33f-5848c25b7f0f','realm roles','openid-connect','oidc-usermodel-realm-role-mapper',NULL,'6f00f96f-d999-499a-bd4f-e9ab4aa1309b'),('3f5e0971-e1d1-449a-aa53-36fef010fcc2','birthdate','openid-connect','oidc-usermodel-attribute-mapper',NULL,'1929a774-a4a3-4fea-a6cb-9de3a80673f7'),('506e82cd-a197-4c46-b436-3d94e5886229','email verified','openid-connect','oidc-usermodel-property-mapper',NULL,'39e8360b-cce4-4e3d-b130-298cbbd9cb08'),('566a2f8b-c033-440d-8e8a-0e144a12c6aa','email','openid-connect','oidc-usermodel-property-mapper',NULL,'39e8360b-cce4-4e3d-b130-298cbbd9cb08'),('63090eb2-e36a-4820-80d8-1e0c48ef9646','client roles','openid-connect','oidc-usermodel-client-role-mapper',NULL,'6f00f96f-d999-499a-bd4f-e9ab4aa1309b'),('6da4903d-c583-4faa-8dac-df1f4b244c39','zoneinfo','openid-connect','oidc-usermodel-attribute-mapper',NULL,'1929a774-a4a3-4fea-a6cb-9de3a80673f7'),('8dfdedcd-6a15-41e1-9b34-ea9395249f41','allowed web origins','openid-connect','oidc-allowed-origins-mapper',NULL,'298c41f9-4a05-45cb-a7ca-3714f621b6d3'),('908a8770-90ee-4f9f-ba91-12a6cc9c965c','picture','openid-connect','oidc-usermodel-attribute-mapper',NULL,'1929a774-a4a3-4fea-a6cb-9de3a80673f7'),('960dd7cc-e3bc-435b-bf68-4b830c143bc9','updated at','openid-connect','oidc-usermodel-attribute-mapper',NULL,'1929a774-a4a3-4fea-a6cb-9de3a80673f7'),('9b98677c-10a8-41ba-ac10-96d01f17a393','nickname','openid-connect','oidc-usermodel-attribute-mapper',NULL,'1929a774-a4a3-4fea-a6cb-9de3a80673f7'),('a9b1df74-3b74-4b8e-b34e-de5769536ec2','upn','openid-connect','oidc-usermodel-property-mapper',NULL,'b70579fe-fde9-4c69-a0b3-40abc4413fee'),('acf62846-f84d-4d2a-868a-4c9de063e1d9','given name','openid-connect','oidc-usermodel-property-mapper',NULL,'1929a774-a4a3-4fea-a6cb-9de3a80673f7'),('b5088501-d207-4b6d-823a-eb20521e9887','locale','openid-connect','oidc-usermodel-attribute-mapper','9b10f0e1-21a9-46be-8592-57b7d660ac44',NULL),('b51d90ff-5a4d-486b-8830-efe743919f7f','role list','saml','saml-role-list-mapper',NULL,'7f616719-b215-445f-8f85-18ee8f115310'),('b8a1eefc-9955-4744-a4f5-765b2fa863bd','locale','openid-connect','oidc-usermodel-attribute-mapper',NULL,'1929a774-a4a3-4fea-a6cb-9de3a80673f7'),('baefa983-7c50-420a-a79f-615e2700ae86','address','openid-connect','oidc-address-mapper',NULL,'7a22cd3d-b686-436b-b60b-c2cc47a170ce'),('c13f3f85-7e39-4151-a1e5-cb5e8f8dfd56','middle name','openid-connect','oidc-usermodel-attribute-mapper',NULL,'1929a774-a4a3-4fea-a6cb-9de3a80673f7'),('c4796775-7226-4bc8-b698-9a73f332229a','profile','openid-connect','oidc-usermodel-attribute-mapper',NULL,'1929a774-a4a3-4fea-a6cb-9de3a80673f7'),('cc7b6428-214e-4dc7-ab60-4077d842170e','phone number','openid-connect','oidc-usermodel-attribute-mapper',NULL,'e10107df-0a81-4e99-ba39-abd5ff7c6ef6'),('d0925625-99f2-4f11-b6cb-9c658cf5698c','groups','openid-connect','oidc-usermodel-realm-role-mapper',NULL,'b70579fe-fde9-4c69-a0b3-40abc4413fee'),('d43cffc4-b0bb-41cf-9029-6a6f7e93508a','website','openid-connect','oidc-usermodel-attribute-mapper',NULL,'1929a774-a4a3-4fea-a6cb-9de3a80673f7'),('d4ead85e-d6a1-4246-ac00-a89eef2f2210','username','openid-connect','oidc-usermodel-property-mapper',NULL,'1929a774-a4a3-4fea-a6cb-9de3a80673f7'),('edc995aa-b4f7-4400-9d02-5677c7489005','audience resolve','openid-connect','oidc-audience-resolve-mapper',NULL,'6f00f96f-d999-499a-bd4f-e9ab4aa1309b'),('faff8b54-e639-406b-9dda-c4f258e637e9','family name','openid-connect','oidc-usermodel-property-mapper',NULL,'1929a774-a4a3-4fea-a6cb-9de3a80673f7');
/*!40000 ALTER TABLE `PROTOCOL_MAPPER` ENABLE KEYS */;
UNLOCK TABLES;

--
-- Table structure for table `PROTOCOL_MAPPER_CONFIG`
--

DROP TABLE IF EXISTS `PROTOCOL_MAPPER_CONFIG`;
/*!40101 SET @saved_cs_client     = @@character_set_client */;
 SET character_set_client = utf8mb4 ;
CREATE TABLE `PROTOCOL_MAPPER_CONFIG` (
  `PROTOCOL_MAPPER_ID` varchar(36) NOT NULL,
  `VALUE` longtext,
  `NAME` varchar(255) NOT NULL,
  PRIMARY KEY (`PROTOCOL_MAPPER_ID`,`NAME`),
  CONSTRAINT `FK_PMCONFIG` FOREIGN KEY (`PROTOCOL_MAPPER_ID`) REFERENCES `PROTOCOL_MAPPER` (`ID`)
) ENGINE=InnoDB DEFAULT CHARSET=utf8;
/*!40101 SET character_set_client = @saved_cs_client */;

--
-- Dumping data for table `PROTOCOL_MAPPER_CONFIG`
--

LOCK TABLES `PROTOCOL_MAPPER_CONFIG` WRITE;
/*!40000 ALTER TABLE `PROTOCOL_MAPPER_CONFIG` DISABLE KEYS */;
INSERT INTO `PROTOCOL_MAPPER_CONFIG` VALUES ('1e81d022-1c9c-434f-ad4e-14cf05641d46','true','access.token.claim'),('1e81d022-1c9c-434f-ad4e-14cf05641d46','gender','claim.name'),('1e81d022-1c9c-434f-ad4e-14cf05641d46','true','id.token.claim'),('1e81d022-1c9c-434f-ad4e-14cf05641d46','String','jsonType.label'),('1e81d022-1c9c-434f-ad4e-14cf05641d46','gender','user.attribute'),('1e81d022-1c9c-434f-ad4e-14cf05641d46','true','userinfo.token.claim'),('202018fa-bebc-4ab0-811c-207ffc01058b','true','access.token.claim'),('202018fa-bebc-4ab0-811c-207ffc01058b','true','id.token.claim'),('202018fa-bebc-4ab0-811c-207ffc01058b','true','userinfo.token.claim'),('3cecaee6-d49d-4bbb-b6d4-8cf77dfe5bea','true','access.token.claim'),('3cecaee6-d49d-4bbb-b6d4-8cf77dfe5bea','phone_number_verified','claim.name'),('3cecaee6-d49d-4bbb-b6d4-8cf77dfe5bea','true','id.token.claim'),('3cecaee6-d49d-4bbb-b6d4-8cf77dfe5bea','boolean','jsonType.label'),('3cecaee6-d49d-4bbb-b6d4-8cf77dfe5bea','phoneNumberVerified','user.attribute'),('3cecaee6-d49d-4bbb-b6d4-8cf77dfe5bea','true','userinfo.token.claim'),('3d104988-c3b6-4dc1-b33f-5848c25b7f0f','true','access.token.claim'),('3d104988-c3b6-4dc1-b33f-5848c25b7f0f','realm_access.roles','claim.name'),('3d104988-c3b6-4dc1-b33f-5848c25b7f0f','String','jsonType.label'),('3d104988-c3b6-4dc1-b33f-5848c25b7f0f','true','multivalued'),('3d104988-c3b6-4dc1-b33f-5848c25b7f0f','foo','user.attribute'),('3f5e0971-e1d1-449a-aa53-36fef010fcc2','true','access.token.claim'),('3f5e0971-e1d1-449a-aa53-36fef010fcc2','birthdate','claim.name'),('3f5e0971-e1d1-449a-aa53-36fef010fcc2','true','id.token.claim'),('3f5e0971-e1d1-449a-aa53-36fef010fcc2','String','jsonType.label'),('3f5e0971-e1d1-449a-aa53-36fef010fcc2','birthdate','user.attribute'),('3f5e0971-e1d1-449a-aa53-36fef010fcc2','true','userinfo.token.claim'),('506e82cd-a197-4c46-b436-3d94e5886229','true','access.token.claim'),('506e82cd-a197-4c46-b436-3d94e5886229','email_verified','claim.name'),('506e82cd-a197-4c46-b436-3d94e5886229','true','id.token.claim'),('506e82cd-a197-4c46-b436-3d94e5886229','boolean','jsonType.label'),('506e82cd-a197-4c46-b436-3d94e5886229','emailVerified','user.attribute'),('506e82cd-a197-4c46-b436-3d94e5886229','true','userinfo.token.claim'),('566a2f8b-c033-440d-8e8a-0e144a12c6aa','true','access.token.claim'),('566a2f8b-c033-440d-8e8a-0e144a12c6aa','email','claim.name'),('566a2f8b-c033-440d-8e8a-0e144a12c6aa','true','id.token.claim'),('566a2f8b-c033-440d-8e8a-0e144a12c6aa','String','jsonType.label'),('566a2f8b-c033-440d-8e8a-0e144a12c6aa','email','user.attribute'),('566a2f8b-c033-440d-8e8a-0e144a12c6aa','true','userinfo.token.claim'),('63090eb2-e36a-4820-80d8-1e0c48ef9646','true','access.token.claim'),('63090eb2-e36a-4820-80d8-1e0c48ef9646','resource_access.${client_id}.roles','claim.name'),('63090eb2-e36a-4820-80d8-1e0c48ef9646','String','jsonType.label'),('63090eb2-e36a-4820-80d8-1e0c48ef9646','true','multivalued'),('63090eb2-e36a-4820-80d8-1e0c48ef9646','foo','user.attribute'),('6da4903d-c583-4faa-8dac-df1f4b244c39','true','access.token.claim'),('6da4903d-c583-4faa-8dac-df1f4b244c39','zoneinfo','claim.name'),('6da4903d-c583-4faa-8dac-df1f4b244c39','true','id.token.claim'),('6da4903d-c583-4faa-8dac-df1f4b244c39','String','jsonType.label'),('6da4903d-c583-4faa-8dac-df1f4b244c39','zoneinfo','user.attribute'),('6da4903d-c583-4faa-8dac-df1f4b244c39','true','userinfo.token.claim'),('908a8770-90ee-4f9f-ba91-12a6cc9c965c','true','access.token.claim'),('908a8770-90ee-4f9f-ba91-12a6cc9c965c','picture','claim.name'),('908a8770-90ee-4f9f-ba91-12a6cc9c965c','true','id.token.claim'),('908a8770-90ee-4f9f-ba91-12a6cc9c965c','String','jsonType.label'),('908a8770-90ee-4f9f-ba91-12a6cc9c965c','picture','user.attribute'),('908a8770-90ee-4f9f-ba91-12a6cc9c965c','true','userinfo.token.claim'),('960dd7cc-e3bc-435b-bf68-4b830c143bc9','true','access.token.claim'),('960dd7cc-e3bc-435b-bf68-4b830c143bc9','updated_at','claim.name'),('960dd7cc-e3bc-435b-bf68-4b830c143bc9','true','id.token.claim'),('960dd7cc-e3bc-435b-bf68-4b830c143bc9','String','jsonType.label'),('960dd7cc-e3bc-435b-bf68-4b830c143bc9','updatedAt','user.attribute'),('960dd7cc-e3bc-435b-bf68-4b830c143bc9','true','userinfo.token.claim'),('9b98677c-10a8-41ba-ac10-96d01f17a393','true','access.token.claim'),('9b98677c-10a8-41ba-ac10-96d01f17a393','nickname','claim.name'),('9b98677c-10a8-41ba-ac10-96d01f17a393','true','id.token.claim'),('9b98677c-10a8-41ba-ac10-96d01f17a393','String','jsonType.label'),('9b98677c-10a8-41ba-ac10-96d01f17a393','nickname','user.attribute'),('9b98677c-10a8-41ba-ac10-96d01f17a393','true','userinfo.token.claim'),('a9b1df74-3b74-4b8e-b34e-de5769536ec2','true','access.token.claim'),('a9b1df74-3b74-4b8e-b34e-de5769536ec2','upn','claim.name'),('a9b1df74-3b74-4b8e-b34e-de5769536ec2','true','id.token.claim'),('a9b1df74-3b74-4b8e-b34e-de5769536ec2','String','jsonType.label'),('a9b1df74-3b74-4b8e-b34e-de5769536ec2','username','user.attribute'),('a9b1df74-3b74-4b8e-b34e-de5769536ec2','true','userinfo.token.claim'),('acf62846-f84d-4d2a-868a-4c9de063e1d9','true','access.token.claim'),('acf62846-f84d-4d2a-868a-4c9de063e1d9','given_name','claim.name'),('acf62846-f84d-4d2a-868a-4c9de063e1d9','true','id.token.claim'),('acf62846-f84d-4d2a-868a-4c9de063e1d9','String','jsonType.label'),('acf62846-f84d-4d2a-868a-4c9de063e1d9','firstName','user.attribute'),('acf62846-f84d-4d2a-868a-4c9de063e1d9','true','userinfo.token.claim'),('b5088501-d207-4b6d-823a-eb20521e9887','true','access.token.claim'),('b5088501-d207-4b6d-823a-eb20521e9887','locale','claim.name'),('b5088501-d207-4b6d-823a-eb20521e9887','true','id.token.claim'),('b5088501-d207-4b6d-823a-eb20521e9887','String','jsonType.label'),('b5088501-d207-4b6d-823a-eb20521e9887','locale','user.attribute'),('b5088501-d207-4b6d-823a-eb20521e9887','true','userinfo.token.claim'),('b51d90ff-5a4d-486b-8830-efe743919f7f','Role','attribute.name'),('b51d90ff-5a4d-486b-8830-efe743919f7f','Basic','attribute.nameformat'),('b51d90ff-5a4d-486b-8830-efe743919f7f','false','single'),('b8a1eefc-9955-4744-a4f5-765b2fa863bd','true','access.token.claim'),('b8a1eefc-9955-4744-a4f5-765b2fa863bd','locale','claim.name'),('b8a1eefc-9955-4744-a4f5-765b2fa863bd','true','id.token.claim'),('b8a1eefc-9955-4744-a4f5-765b2fa863bd','String','jsonType.label'),('b8a1eefc-9955-4744-a4f5-765b2fa863bd','locale','user.attribute'),('b8a1eefc-9955-4744-a4f5-765b2fa863bd','true','userinfo.token.claim'),('baefa983-7c50-420a-a79f-615e2700ae86','true','access.token.claim'),('baefa983-7c50-420a-a79f-615e2700ae86','true','id.token.claim'),('baefa983-7c50-420a-a79f-615e2700ae86','country','user.attribute.country'),('baefa983-7c50-420a-a79f-615e2700ae86','formatted','user.attribute.formatted'),('baefa983-7c50-420a-a79f-615e2700ae86','locality','user.attribute.locality'),('baefa983-7c50-420a-a79f-615e2700ae86','postal_code','user.attribute.postal_code'),('baefa983-7c50-420a-a79f-615e2700ae86','region','user.attribute.region'),('baefa983-7c50-420a-a79f-615e2700ae86','street','user.attribute.street'),('baefa983-7c50-420a-a79f-615e2700ae86','true','userinfo.token.claim'),('c13f3f85-7e39-4151-a1e5-cb5e8f8dfd56','true','access.token.claim'),('c13f3f85-7e39-4151-a1e5-cb5e8f8dfd56','middle_name','claim.name'),('c13f3f85-7e39-4151-a1e5-cb5e8f8dfd56','true','id.token.claim'),('c13f3f85-7e39-4151-a1e5-cb5e8f8dfd56','String','jsonType.label'),('c13f3f85-7e39-4151-a1e5-cb5e8f8dfd56','middleName','user.attribute'),('c13f3f85-7e39-4151-a1e5-cb5e8f8dfd56','true','userinfo.token.claim'),('c4796775-7226-4bc8-b698-9a73f332229a','true','access.token.claim'),('c4796775-7226-4bc8-b698-9a73f332229a','profile','claim.name'),('c4796775-7226-4bc8-b698-9a73f332229a','true','id.token.claim'),('c4796775-7226-4bc8-b698-9a73f332229a','String','jsonType.label'),('c4796775-7226-4bc8-b698-9a73f332229a','profile','user.attribute'),('c4796775-7226-4bc8-b698-9a73f332229a','true','userinfo.token.claim'),('cc7b6428-214e-4dc7-ab60-4077d842170e','true','access.token.claim'),('cc7b6428-214e-4dc7-ab60-4077d842170e','phone_number','claim.name'),('cc7b6428-214e-4dc7-ab60-4077d842170e','true','id.token.claim'),('cc7b6428-214e-4dc7-ab60-4077d842170e','String','jsonType.label'),('cc7b6428-214e-4dc7-ab60-4077d842170e','phoneNumber','user.attribute'),('cc7b6428-214e-4dc7-ab60-4077d842170e','true','userinfo.token.claim'),('d0925625-99f2-4f11-b6cb-9c658cf5698c','true','access.token.claim'),('d0925625-99f2-4f11-b6cb-9c658cf5698c','groups','claim.name'),('d0925625-99f2-4f11-b6cb-9c658cf5698c','true','id.token.claim'),('d0925625-99f2-4f11-b6cb-9c658cf5698c','String','jsonType.label'),('d0925625-99f2-4f11-b6cb-9c658cf5698c','true','multivalued'),('d0925625-99f2-4f11-b6cb-9c658cf5698c','foo','user.attribute'),('d43cffc4-b0bb-41cf-9029-6a6f7e93508a','true','access.token.claim'),('d43cffc4-b0bb-41cf-9029-6a6f7e93508a','website','claim.name'),('d43cffc4-b0bb-41cf-9029-6a6f7e93508a','true','id.token.claim'),('d43cffc4-b0bb-41cf-9029-6a6f7e93508a','String','jsonType.label'),('d43cffc4-b0bb-41cf-9029-6a6f7e93508a','website','user.attribute'),('d43cffc4-b0bb-41cf-9029-6a6f7e93508a','true','userinfo.token.claim'),('d4ead85e-d6a1-4246-ac00-a89eef2f2210','true','access.token.claim'),('d4ead85e-d6a1-4246-ac00-a89eef2f2210','preferred_username','claim.name'),('d4ead85e-d6a1-4246-ac00-a89eef2f2210','true','id.token.claim'),('d4ead85e-d6a1-4246-ac00-a89eef2f2210','String','jsonType.label'),('d4ead85e-d6a1-4246-ac00-a89eef2f2210','username','user.attribute'),('d4ead85e-d6a1-4246-ac00-a89eef2f2210','true','userinfo.token.claim'),('faff8b54-e639-406b-9dda-c4f258e637e9','true','access.token.claim'),('faff8b54-e639-406b-9dda-c4f258e637e9','family_name','claim.name'),('faff8b54-e639-406b-9dda-c4f258e637e9','true','id.token.claim'),('faff8b54-e639-406b-9dda-c4f258e637e9','String','jsonType.label'),('faff8b54-e639-406b-9dda-c4f258e637e9','lastName','user.attribute'),('faff8b54-e639-406b-9dda-c4f258e637e9','true','userinfo.token.claim');
/*!40000 ALTER TABLE `PROTOCOL_MAPPER_CONFIG` ENABLE KEYS */;
UNLOCK TABLES;

--
-- Table structure for table `REALM`
--

DROP TABLE IF EXISTS `REALM`;
/*!40101 SET @saved_cs_client     = @@character_set_client */;
 SET character_set_client = utf8mb4 ;
CREATE TABLE `REALM` (
  `ID` varchar(36) NOT NULL,
  `ACCESS_CODE_LIFESPAN` int(11) DEFAULT NULL,
  `USER_ACTION_LIFESPAN` int(11) DEFAULT NULL,
  `ACCESS_TOKEN_LIFESPAN` int(11) DEFAULT NULL,
  `ACCOUNT_THEME` varchar(255) DEFAULT NULL,
  `ADMIN_THEME` varchar(255) DEFAULT NULL,
  `EMAIL_THEME` varchar(255) DEFAULT NULL,
  `ENABLED` bit(1) NOT NULL DEFAULT b'0',
  `EVENTS_ENABLED` bit(1) NOT NULL DEFAULT b'0',
  `EVENTS_EXPIRATION` bigint(20) DEFAULT NULL,
  `LOGIN_THEME` varchar(255) DEFAULT NULL,
  `NAME` varchar(255) DEFAULT NULL,
  `NOT_BEFORE` int(11) DEFAULT NULL,
  `PASSWORD_POLICY` varchar(2550) DEFAULT NULL,
  `REGISTRATION_ALLOWED` bit(1) NOT NULL DEFAULT b'0',
  `REMEMBER_ME` bit(1) NOT NULL DEFAULT b'0',
  `RESET_PASSWORD_ALLOWED` bit(1) NOT NULL DEFAULT b'0',
  `SOCIAL` bit(1) NOT NULL DEFAULT b'0',
  `SSL_REQUIRED` varchar(255) DEFAULT NULL,
  `SSO_IDLE_TIMEOUT` int(11) DEFAULT NULL,
  `SSO_MAX_LIFESPAN` int(11) DEFAULT NULL,
  `UPDATE_PROFILE_ON_SOC_LOGIN` bit(1) NOT NULL DEFAULT b'0',
  `VERIFY_EMAIL` bit(1) NOT NULL DEFAULT b'0',
  `MASTER_ADMIN_CLIENT` varchar(36) DEFAULT NULL,
  `LOGIN_LIFESPAN` int(11) DEFAULT NULL,
  `INTERNATIONALIZATION_ENABLED` bit(1) NOT NULL DEFAULT b'0',
  `DEFAULT_LOCALE` varchar(255) DEFAULT NULL,
  `REG_EMAIL_AS_USERNAME` bit(1) NOT NULL DEFAULT b'0',
  `ADMIN_EVENTS_ENABLED` bit(1) NOT NULL DEFAULT b'0',
  `ADMIN_EVENTS_DETAILS_ENABLED` bit(1) NOT NULL DEFAULT b'0',
  `EDIT_USERNAME_ALLOWED` bit(1) NOT NULL DEFAULT b'0',
  `OTP_POLICY_COUNTER` int(11) DEFAULT '0',
  `OTP_POLICY_WINDOW` int(11) DEFAULT '1',
  `OTP_POLICY_PERIOD` int(11) DEFAULT '30',
  `OTP_POLICY_DIGITS` int(11) DEFAULT '6',
  `OTP_POLICY_ALG` varchar(36) DEFAULT 'HmacSHA1',
  `OTP_POLICY_TYPE` varchar(36) DEFAULT 'totp',
  `BROWSER_FLOW` varchar(36) DEFAULT NULL,
  `REGISTRATION_FLOW` varchar(36) DEFAULT NULL,
  `DIRECT_GRANT_FLOW` varchar(36) DEFAULT NULL,
  `RESET_CREDENTIALS_FLOW` varchar(36) DEFAULT NULL,
  `CLIENT_AUTH_FLOW` varchar(36) DEFAULT NULL,
  `OFFLINE_SESSION_IDLE_TIMEOUT` int(11) DEFAULT '0',
  `REVOKE_REFRESH_TOKEN` bit(1) NOT NULL DEFAULT b'0',
  `ACCESS_TOKEN_LIFE_IMPLICIT` int(11) DEFAULT '0',
  `LOGIN_WITH_EMAIL_ALLOWED` bit(1) NOT NULL DEFAULT b'1',
  `DUPLICATE_EMAILS_ALLOWED` bit(1) NOT NULL DEFAULT b'0',
  `DOCKER_AUTH_FLOW` varchar(36) DEFAULT NULL,
  `REFRESH_TOKEN_MAX_REUSE` int(11) DEFAULT '0',
  `ALLOW_USER_MANAGED_ACCESS` bit(1) NOT NULL DEFAULT b'0',
  `SSO_MAX_LIFESPAN_REMEMBER_ME` int(11) NOT NULL,
  `SSO_IDLE_TIMEOUT_REMEMBER_ME` int(11) NOT NULL,
  PRIMARY KEY (`ID`),
  UNIQUE KEY `UK_ORVSDMLA56612EAEFIQ6WL5OI` (`NAME`),
  KEY `IDX_REALM_MASTER_ADM_CLI` (`MASTER_ADMIN_CLIENT`),
  CONSTRAINT `FK_TRAF444KK6QRKMS7N56AIWQ5Y` FOREIGN KEY (`MASTER_ADMIN_CLIENT`) REFERENCES `CLIENT` (`ID`)
) ENGINE=InnoDB DEFAULT CHARSET=utf8;
/*!40101 SET character_set_client = @saved_cs_client */;

--
-- Dumping data for table `REALM`
--

LOCK TABLES `REALM` WRITE;
/*!40000 ALTER TABLE `REALM` DISABLE KEYS */;
INSERT INTO `REALM` VALUES ('master',60,300,60,NULL,NULL,NULL,_binary '',_binary '\0',0,NULL,'master',0,NULL,_binary '\0',_binary '\0',_binary '\0',_binary '\0','EXTERNAL',1800,36000,_binary '\0',_binary '\0','8e0021cc-698f-4ae1-b644-90a2895f521b',1800,_binary '\0',NULL,_binary '\0',_binary '\0',_binary '\0',_binary '\0',0,1,30,6,'HmacSHA1','totp','28a81c41-a4f1-446d-a523-e17552d09c8a','3c8d99a7-a500-4e25-b82e-002e9e557ebd','048377ad-e461-4673-9c45-b0b7080b2b1d','7811b228-1699-45c7-80e0-c4da232d7f95','2e05d257-2db6-4d46-b386-bd392f67cb1c',2592000,_binary '\0',900,_binary '',_binary '\0','e9a04c78-49df-4ae1-8b0c-d7d050bc41fa',0,_binary '\0',0,0);
/*!40000 ALTER TABLE `REALM` ENABLE KEYS */;
UNLOCK TABLES;

--
-- Table structure for table `REALM_ATTRIBUTE`
--

DROP TABLE IF EXISTS `REALM_ATTRIBUTE`;
/*!40101 SET @saved_cs_client     = @@character_set_client */;
 SET character_set_client = utf8mb4 ;
CREATE TABLE `REALM_ATTRIBUTE` (
  `NAME` varchar(255) NOT NULL,
  `VALUE` varchar(255) CHARACTER SET utf8 COLLATE utf8_general_ci DEFAULT NULL,
  `REALM_ID` varchar(36) NOT NULL,
  PRIMARY KEY (`NAME`,`REALM_ID`),
  KEY `IDX_REALM_ATTR_REALM` (`REALM_ID`),
  CONSTRAINT `FK_8SHXD6L3E9ATQUKACXGPFFPTW` FOREIGN KEY (`REALM_ID`) REFERENCES `REALM` (`ID`)
) ENGINE=InnoDB DEFAULT CHARSET=utf8;
/*!40101 SET character_set_client = @saved_cs_client */;

--
-- Dumping data for table `REALM_ATTRIBUTE`
--

LOCK TABLES `REALM_ATTRIBUTE` WRITE;
/*!40000 ALTER TABLE `REALM_ATTRIBUTE` DISABLE KEYS */;
INSERT INTO `REALM_ATTRIBUTE` VALUES ('bruteForceProtected','false','master'),('displayName','Keycloak','master'),('displayNameHtml','<div class=\"kc-logo-text\"><span>Keycloak</span></div>','master'),('failureFactor','30','master'),('maxDeltaTimeSeconds','43200','master'),('maxFailureWaitSeconds','900','master'),('minimumQuickLoginWaitSeconds','60','master'),('offlineSessionMaxLifespan','5184000','master'),('offlineSessionMaxLifespanEnabled','false','master'),('permanentLockout','false','master'),('quickLoginCheckMilliSeconds','1000','master'),('waitIncrementSeconds','60','master'),('_browser_header.contentSecurityPolicy','frame-src \'self\'; frame-ancestors \'self\'; object-src \'none\';','master'),('_browser_header.contentSecurityPolicyReportOnly','','master'),('_browser_header.strictTransportSecurity','max-age=31536000; includeSubDomains','master'),('_browser_header.xContentTypeOptions','nosniff','master'),('_browser_header.xFrameOptions','SAMEORIGIN','master'),('_browser_header.xRobotsTag','none','master'),('_browser_header.xXSSProtection','1; mode=block','master');
/*!40000 ALTER TABLE `REALM_ATTRIBUTE` ENABLE KEYS */;
UNLOCK TABLES;

--
-- Table structure for table `REALM_DEFAULT_GROUPS`
--

DROP TABLE IF EXISTS `REALM_DEFAULT_GROUPS`;
/*!40101 SET @saved_cs_client     = @@character_set_client */;
 SET character_set_client = utf8mb4 ;
CREATE TABLE `REALM_DEFAULT_GROUPS` (
  `REALM_ID` varchar(36) NOT NULL,
  `GROUP_ID` varchar(36) NOT NULL,
  PRIMARY KEY (`REALM_ID`,`GROUP_ID`),
  UNIQUE KEY `CON_GROUP_ID_DEF_GROUPS` (`GROUP_ID`),
  KEY `IDX_REALM_DEF_GRP_REALM` (`REALM_ID`),
  CONSTRAINT `FK_DEF_GROUPS_GROUP` FOREIGN KEY (`GROUP_ID`) REFERENCES `KEYCLOAK_GROUP` (`ID`),
  CONSTRAINT `FK_DEF_GROUPS_REALM` FOREIGN KEY (`REALM_ID`) REFERENCES `REALM` (`ID`)
) ENGINE=InnoDB DEFAULT CHARSET=utf8;
/*!40101 SET character_set_client = @saved_cs_client */;

--
-- Dumping data for table `REALM_DEFAULT_GROUPS`
--

LOCK TABLES `REALM_DEFAULT_GROUPS` WRITE;
/*!40000 ALTER TABLE `REALM_DEFAULT_GROUPS` DISABLE KEYS */;
/*!40000 ALTER TABLE `REALM_DEFAULT_GROUPS` ENABLE KEYS */;
UNLOCK TABLES;

--
-- Table structure for table `REALM_DEFAULT_ROLES`
--

DROP TABLE IF EXISTS `REALM_DEFAULT_ROLES`;
/*!40101 SET @saved_cs_client     = @@character_set_client */;
 SET character_set_client = utf8mb4 ;
CREATE TABLE `REALM_DEFAULT_ROLES` (
  `REALM_ID` varchar(36) NOT NULL,
  `ROLE_ID` varchar(36) NOT NULL,
  PRIMARY KEY (`REALM_ID`,`ROLE_ID`),
  UNIQUE KEY `UK_H4WPD7W4HSOOLNI3H0SW7BTJE` (`ROLE_ID`),
  KEY `IDX_REALM_DEF_ROLES_REALM` (`REALM_ID`),
  CONSTRAINT `FK_EVUDB1PPW84OXFAX2DRS03ICC` FOREIGN KEY (`REALM_ID`) REFERENCES `REALM` (`ID`),
  CONSTRAINT `FK_H4WPD7W4HSOOLNI3H0SW7BTJE` FOREIGN KEY (`ROLE_ID`) REFERENCES `KEYCLOAK_ROLE` (`ID`)
) ENGINE=InnoDB DEFAULT CHARSET=utf8;
/*!40101 SET character_set_client = @saved_cs_client */;

--
-- Dumping data for table `REALM_DEFAULT_ROLES`
--

LOCK TABLES `REALM_DEFAULT_ROLES` WRITE;
/*!40000 ALTER TABLE `REALM_DEFAULT_ROLES` DISABLE KEYS */;
INSERT INTO `REALM_DEFAULT_ROLES` VALUES ('master','3bb4ca76-34e5-4bfb-9fd3-7c623bc1d51c'),('master','670448e9-3caf-4ae1-a3bd-021ce7595ef0');
/*!40000 ALTER TABLE `REALM_DEFAULT_ROLES` ENABLE KEYS */;
UNLOCK TABLES;

--
-- Table structure for table `REALM_ENABLED_EVENT_TYPES`
--

DROP TABLE IF EXISTS `REALM_ENABLED_EVENT_TYPES`;
/*!40101 SET @saved_cs_client     = @@character_set_client */;
 SET character_set_client = utf8mb4 ;
CREATE TABLE `REALM_ENABLED_EVENT_TYPES` (
  `REALM_ID` varchar(36) NOT NULL,
  `VALUE` varchar(255) NOT NULL,
  PRIMARY KEY (`REALM_ID`,`VALUE`),
  KEY `IDX_REALM_EVT_TYPES_REALM` (`REALM_ID`),
  CONSTRAINT `FK_H846O4H0W8EPX5NWEDRF5Y69J` FOREIGN KEY (`REALM_ID`) REFERENCES `REALM` (`ID`)
) ENGINE=InnoDB DEFAULT CHARSET=utf8;
/*!40101 SET character_set_client = @saved_cs_client */;

--
-- Dumping data for table `REALM_ENABLED_EVENT_TYPES`
--

LOCK TABLES `REALM_ENABLED_EVENT_TYPES` WRITE;
/*!40000 ALTER TABLE `REALM_ENABLED_EVENT_TYPES` DISABLE KEYS */;
/*!40000 ALTER TABLE `REALM_ENABLED_EVENT_TYPES` ENABLE KEYS */;
UNLOCK TABLES;

--
-- Table structure for table `REALM_EVENTS_LISTENERS`
--

DROP TABLE IF EXISTS `REALM_EVENTS_LISTENERS`;
/*!40101 SET @saved_cs_client     = @@character_set_client */;
 SET character_set_client = utf8mb4 ;
CREATE TABLE `REALM_EVENTS_LISTENERS` (
  `REALM_ID` varchar(36) NOT NULL,
  `VALUE` varchar(255) NOT NULL,
  PRIMARY KEY (`REALM_ID`,`VALUE`),
  KEY `IDX_REALM_EVT_LIST_REALM` (`REALM_ID`),
  CONSTRAINT `FK_H846O4H0W8EPX5NXEV9F5Y69J` FOREIGN KEY (`REALM_ID`) REFERENCES `REALM` (`ID`)
) ENGINE=InnoDB DEFAULT CHARSET=utf8;
/*!40101 SET character_set_client = @saved_cs_client */;

--
-- Dumping data for table `REALM_EVENTS_LISTENERS`
--

LOCK TABLES `REALM_EVENTS_LISTENERS` WRITE;
/*!40000 ALTER TABLE `REALM_EVENTS_LISTENERS` DISABLE KEYS */;
INSERT INTO `REALM_EVENTS_LISTENERS` VALUES ('master','jboss-logging');
/*!40000 ALTER TABLE `REALM_EVENTS_LISTENERS` ENABLE KEYS */;
UNLOCK TABLES;

--
-- Table structure for table `REALM_REQUIRED_CREDENTIAL`
--

DROP TABLE IF EXISTS `REALM_REQUIRED_CREDENTIAL`;
/*!40101 SET @saved_cs_client     = @@character_set_client */;
 SET character_set_client = utf8mb4 ;
CREATE TABLE `REALM_REQUIRED_CREDENTIAL` (
  `TYPE` varchar(255) NOT NULL,
  `FORM_LABEL` varchar(255) DEFAULT NULL,
  `INPUT` bit(1) NOT NULL DEFAULT b'0',
  `SECRET` bit(1) NOT NULL DEFAULT b'0',
  `REALM_ID` varchar(36) NOT NULL,
  PRIMARY KEY (`REALM_ID`,`TYPE`),
  CONSTRAINT `FK_5HG65LYBEVAVKQFKI3KPONH9V` FOREIGN KEY (`REALM_ID`) REFERENCES `REALM` (`ID`)
) ENGINE=InnoDB DEFAULT CHARSET=utf8;
/*!40101 SET character_set_client = @saved_cs_client */;

--
-- Dumping data for table `REALM_REQUIRED_CREDENTIAL`
--

LOCK TABLES `REALM_REQUIRED_CREDENTIAL` WRITE;
/*!40000 ALTER TABLE `REALM_REQUIRED_CREDENTIAL` DISABLE KEYS */;
INSERT INTO `REALM_REQUIRED_CREDENTIAL` VALUES ('password','password',_binary '',_binary '','master');
/*!40000 ALTER TABLE `REALM_REQUIRED_CREDENTIAL` ENABLE KEYS */;
UNLOCK TABLES;

--
-- Table structure for table `REALM_SMTP_CONFIG`
--

DROP TABLE IF EXISTS `REALM_SMTP_CONFIG`;
/*!40101 SET @saved_cs_client     = @@character_set_client */;
 SET character_set_client = utf8mb4 ;
CREATE TABLE `REALM_SMTP_CONFIG` (
  `REALM_ID` varchar(36) NOT NULL,
  `VALUE` varchar(255) DEFAULT NULL,
  `NAME` varchar(255) NOT NULL,
  PRIMARY KEY (`REALM_ID`,`NAME`),
  CONSTRAINT `FK_70EJ8XDXGXD0B9HH6180IRR0O` FOREIGN KEY (`REALM_ID`) REFERENCES `REALM` (`ID`)
) ENGINE=InnoDB DEFAULT CHARSET=utf8;
/*!40101 SET character_set_client = @saved_cs_client */;

--
-- Dumping data for table `REALM_SMTP_CONFIG`
--

LOCK TABLES `REALM_SMTP_CONFIG` WRITE;
/*!40000 ALTER TABLE `REALM_SMTP_CONFIG` DISABLE KEYS */;
/*!40000 ALTER TABLE `REALM_SMTP_CONFIG` ENABLE KEYS */;
UNLOCK TABLES;

--
-- Table structure for table `REALM_SUPPORTED_LOCALES`
--

DROP TABLE IF EXISTS `REALM_SUPPORTED_LOCALES`;
/*!40101 SET @saved_cs_client     = @@character_set_client */;
 SET character_set_client = utf8mb4 ;
CREATE TABLE `REALM_SUPPORTED_LOCALES` (
  `REALM_ID` varchar(36) NOT NULL,
  `VALUE` varchar(255) NOT NULL,
  PRIMARY KEY (`REALM_ID`,`VALUE`),
  KEY `IDX_REALM_SUPP_LOCAL_REALM` (`REALM_ID`),
  CONSTRAINT `FK_SUPPORTED_LOCALES_REALM` FOREIGN KEY (`REALM_ID`) REFERENCES `REALM` (`ID`)
) ENGINE=InnoDB DEFAULT CHARSET=utf8;
/*!40101 SET character_set_client = @saved_cs_client */;

--
-- Dumping data for table `REALM_SUPPORTED_LOCALES`
--

LOCK TABLES `REALM_SUPPORTED_LOCALES` WRITE;
/*!40000 ALTER TABLE `REALM_SUPPORTED_LOCALES` DISABLE KEYS */;
/*!40000 ALTER TABLE `REALM_SUPPORTED_LOCALES` ENABLE KEYS */;
UNLOCK TABLES;

--
-- Table structure for table `REDIRECT_URIS`
--

DROP TABLE IF EXISTS `REDIRECT_URIS`;
/*!40101 SET @saved_cs_client     = @@character_set_client */;
 SET character_set_client = utf8mb4 ;
CREATE TABLE `REDIRECT_URIS` (
  `CLIENT_ID` varchar(36) NOT NULL,
  `VALUE` varchar(255) NOT NULL,
  PRIMARY KEY (`CLIENT_ID`,`VALUE`),
  KEY `IDX_REDIR_URI_CLIENT` (`CLIENT_ID`),
  CONSTRAINT `FK_1BURS8PB4OUJ97H5WUPPAHV9F` FOREIGN KEY (`CLIENT_ID`) REFERENCES `CLIENT` (`ID`)
) ENGINE=InnoDB DEFAULT CHARSET=utf8;
/*!40101 SET character_set_client = @saved_cs_client */;

--
-- Dumping data for table `REDIRECT_URIS`
--

LOCK TABLES `REDIRECT_URIS` WRITE;
/*!40000 ALTER TABLE `REDIRECT_URIS` DISABLE KEYS */;
INSERT INTO `REDIRECT_URIS` VALUES ('48c49f77-fbcc-4c38-b5f4-bba51011458b','/auth/realms/master/account/*'),('9b10f0e1-21a9-46be-8592-57b7d660ac44','/auth/admin/master/console/*');
/*!40000 ALTER TABLE `REDIRECT_URIS` ENABLE KEYS */;
UNLOCK TABLES;

--
-- Table structure for table `REQUIRED_ACTION_CONFIG`
--

DROP TABLE IF EXISTS `REQUIRED_ACTION_CONFIG`;
/*!40101 SET @saved_cs_client     = @@character_set_client */;
 SET character_set_client = utf8mb4 ;
CREATE TABLE `REQUIRED_ACTION_CONFIG` (
  `REQUIRED_ACTION_ID` varchar(36) NOT NULL,
  `VALUE` longtext,
  `NAME` varchar(255) NOT NULL,
  PRIMARY KEY (`REQUIRED_ACTION_ID`,`NAME`)
) ENGINE=InnoDB DEFAULT CHARSET=utf8;
/*!40101 SET character_set_client = @saved_cs_client */;

--
-- Dumping data for table `REQUIRED_ACTION_CONFIG`
--

LOCK TABLES `REQUIRED_ACTION_CONFIG` WRITE;
/*!40000 ALTER TABLE `REQUIRED_ACTION_CONFIG` DISABLE KEYS */;
/*!40000 ALTER TABLE `REQUIRED_ACTION_CONFIG` ENABLE KEYS */;
UNLOCK TABLES;

--
-- Table structure for table `REQUIRED_ACTION_PROVIDER`
--

DROP TABLE IF EXISTS `REQUIRED_ACTION_PROVIDER`;
/*!40101 SET @saved_cs_client     = @@character_set_client */;
 SET character_set_client = utf8mb4 ;
CREATE TABLE `REQUIRED_ACTION_PROVIDER` (
  `ID` varchar(36) NOT NULL,
  `ALIAS` varchar(255) DEFAULT NULL,
  `NAME` varchar(255) DEFAULT NULL,
  `REALM_ID` varchar(36) DEFAULT NULL,
  `ENABLED` bit(1) NOT NULL DEFAULT b'0',
  `DEFAULT_ACTION` bit(1) NOT NULL DEFAULT b'0',
  `PROVIDER_ID` varchar(255) DEFAULT NULL,
  `PRIORITY` int(11) DEFAULT NULL,
  PRIMARY KEY (`ID`),
  KEY `IDX_REQ_ACT_PROV_REALM` (`REALM_ID`),
  CONSTRAINT `FK_REQ_ACT_REALM` FOREIGN KEY (`REALM_ID`) REFERENCES `REALM` (`ID`)
) ENGINE=InnoDB DEFAULT CHARSET=utf8;
/*!40101 SET character_set_client = @saved_cs_client */;

--
-- Dumping data for table `REQUIRED_ACTION_PROVIDER`
--

LOCK TABLES `REQUIRED_ACTION_PROVIDER` WRITE;
/*!40000 ALTER TABLE `REQUIRED_ACTION_PROVIDER` DISABLE KEYS */;
INSERT INTO `REQUIRED_ACTION_PROVIDER` VALUES ('01b13a16-0e86-4603-8199-417db8f2f652','CONFIGURE_TOTP','Configure OTP','master',_binary '',_binary '\0','CONFIGURE_TOTP',10),('1e51381e-715e-4824-9bfe-beb773187424','terms_and_conditions','Terms and Conditions','master',_binary '\0',_binary '\0','terms_and_conditions',20),('957eef22-8d96-4bdc-baab-3c7bc04b27a8','UPDATE_PROFILE','Update Profile','master',_binary '',_binary '\0','UPDATE_PROFILE',40),('c15f7ae5-d8a6-4778-a05e-821f8f255b78','VERIFY_EMAIL','Verify Email','master',_binary '',_binary '\0','VERIFY_EMAIL',50),('f7270fc9-8e64-4b29-90fd-3a1ded0b37c3','UPDATE_PASSWORD','Update Password','master',_binary '',_binary '\0','UPDATE_PASSWORD',30);
/*!40000 ALTER TABLE `REQUIRED_ACTION_PROVIDER` ENABLE KEYS */;
UNLOCK TABLES;

--
-- Table structure for table `RESOURCE_ATTRIBUTE`
--

DROP TABLE IF EXISTS `RESOURCE_ATTRIBUTE`;
/*!40101 SET @saved_cs_client     = @@character_set_client */;
 SET character_set_client = utf8mb4 ;
CREATE TABLE `RESOURCE_ATTRIBUTE` (
  `ID` varchar(36) NOT NULL DEFAULT 'sybase-needs-something-here',
  `NAME` varchar(255) NOT NULL,
  `VALUE` varchar(255) DEFAULT NULL,
  `RESOURCE_ID` varchar(36) NOT NULL,
  PRIMARY KEY (`ID`),
  KEY `FK_5HRM2VLF9QL5FU022KQEPOVBR` (`RESOURCE_ID`),
  CONSTRAINT `FK_5HRM2VLF9QL5FU022KQEPOVBR` FOREIGN KEY (`RESOURCE_ID`) REFERENCES `RESOURCE_SERVER_RESOURCE` (`ID`)
) ENGINE=InnoDB DEFAULT CHARSET=utf8;
/*!40101 SET character_set_client = @saved_cs_client */;

--
-- Dumping data for table `RESOURCE_ATTRIBUTE`
--

LOCK TABLES `RESOURCE_ATTRIBUTE` WRITE;
/*!40000 ALTER TABLE `RESOURCE_ATTRIBUTE` DISABLE KEYS */;
/*!40000 ALTER TABLE `RESOURCE_ATTRIBUTE` ENABLE KEYS */;
UNLOCK TABLES;

--
-- Table structure for table `RESOURCE_POLICY`
--

DROP TABLE IF EXISTS `RESOURCE_POLICY`;
/*!40101 SET @saved_cs_client     = @@character_set_client */;
 SET character_set_client = utf8mb4 ;
CREATE TABLE `RESOURCE_POLICY` (
  `RESOURCE_ID` varchar(36) NOT NULL,
  `POLICY_ID` varchar(36) NOT NULL,
  PRIMARY KEY (`RESOURCE_ID`,`POLICY_ID`),
  KEY `IDX_RES_POLICY_POLICY` (`POLICY_ID`),
  CONSTRAINT `FK_FRSRPOS53XCX4WNKOG82SSRFY` FOREIGN KEY (`RESOURCE_ID`) REFERENCES `RESOURCE_SERVER_RESOURCE` (`ID`),
  CONSTRAINT `FK_FRSRPP213XCX4WNKOG82SSRFY` FOREIGN KEY (`POLICY_ID`) REFERENCES `RESOURCE_SERVER_POLICY` (`ID`)
) ENGINE=InnoDB DEFAULT CHARSET=utf8;
/*!40101 SET character_set_client = @saved_cs_client */;

--
-- Dumping data for table `RESOURCE_POLICY`
--

LOCK TABLES `RESOURCE_POLICY` WRITE;
/*!40000 ALTER TABLE `RESOURCE_POLICY` DISABLE KEYS */;
/*!40000 ALTER TABLE `RESOURCE_POLICY` ENABLE KEYS */;
UNLOCK TABLES;

--
-- Table structure for table `RESOURCE_SCOPE`
--

DROP TABLE IF EXISTS `RESOURCE_SCOPE`;
/*!40101 SET @saved_cs_client     = @@character_set_client */;
 SET character_set_client = utf8mb4 ;
CREATE TABLE `RESOURCE_SCOPE` (
  `RESOURCE_ID` varchar(36) NOT NULL,
  `SCOPE_ID` varchar(36) NOT NULL,
  PRIMARY KEY (`RESOURCE_ID`,`SCOPE_ID`),
  KEY `IDX_RES_SCOPE_SCOPE` (`SCOPE_ID`),
  CONSTRAINT `FK_FRSRPOS13XCX4WNKOG82SSRFY` FOREIGN KEY (`RESOURCE_ID`) REFERENCES `RESOURCE_SERVER_RESOURCE` (`ID`),
  CONSTRAINT `FK_FRSRPS213XCX4WNKOG82SSRFY` FOREIGN KEY (`SCOPE_ID`) REFERENCES `RESOURCE_SERVER_SCOPE` (`ID`)
) ENGINE=InnoDB DEFAULT CHARSET=utf8;
/*!40101 SET character_set_client = @saved_cs_client */;

--
-- Dumping data for table `RESOURCE_SCOPE`
--

LOCK TABLES `RESOURCE_SCOPE` WRITE;
/*!40000 ALTER TABLE `RESOURCE_SCOPE` DISABLE KEYS */;
/*!40000 ALTER TABLE `RESOURCE_SCOPE` ENABLE KEYS */;
UNLOCK TABLES;

--
-- Table structure for table `RESOURCE_SERVER`
--

DROP TABLE IF EXISTS `RESOURCE_SERVER`;
/*!40101 SET @saved_cs_client     = @@character_set_client */;
 SET character_set_client = utf8mb4 ;
CREATE TABLE `RESOURCE_SERVER` (
  `ID` varchar(36) NOT NULL,
  `ALLOW_RS_REMOTE_MGMT` bit(1) NOT NULL DEFAULT b'0',
  `POLICY_ENFORCE_MODE` varchar(15) NOT NULL,
  PRIMARY KEY (`ID`)
) ENGINE=InnoDB DEFAULT CHARSET=utf8;
/*!40101 SET character_set_client = @saved_cs_client */;

--
-- Dumping data for table `RESOURCE_SERVER`
--

LOCK TABLES `RESOURCE_SERVER` WRITE;
/*!40000 ALTER TABLE `RESOURCE_SERVER` DISABLE KEYS */;
/*!40000 ALTER TABLE `RESOURCE_SERVER` ENABLE KEYS */;
UNLOCK TABLES;

--
-- Table structure for table `RESOURCE_SERVER_PERM_TICKET`
--

DROP TABLE IF EXISTS `RESOURCE_SERVER_PERM_TICKET`;
/*!40101 SET @saved_cs_client     = @@character_set_client */;
 SET character_set_client = utf8mb4 ;
CREATE TABLE `RESOURCE_SERVER_PERM_TICKET` (
  `ID` varchar(36) NOT NULL,
  `OWNER` varchar(36) NOT NULL,
  `REQUESTER` varchar(36) NOT NULL,
  `CREATED_TIMESTAMP` bigint(20) NOT NULL,
  `GRANTED_TIMESTAMP` bigint(20) DEFAULT NULL,
  `RESOURCE_ID` varchar(36) NOT NULL,
  `SCOPE_ID` varchar(36) DEFAULT NULL,
  `RESOURCE_SERVER_ID` varchar(36) NOT NULL,
  `POLICY_ID` varchar(36) DEFAULT NULL,
  PRIMARY KEY (`ID`),
  UNIQUE KEY `UK_FRSR6T700S9V50BU18WS5PMT` (`OWNER`,`REQUESTER`,`RESOURCE_SERVER_ID`,`RESOURCE_ID`,`SCOPE_ID`),
  KEY `FK_FRSRHO213XCX4WNKOG82SSPMT` (`RESOURCE_SERVER_ID`),
  KEY `FK_FRSRHO213XCX4WNKOG83SSPMT` (`RESOURCE_ID`),
  KEY `FK_FRSRHO213XCX4WNKOG84SSPMT` (`SCOPE_ID`),
  KEY `FK_FRSRPO2128CX4WNKOG82SSRFY` (`POLICY_ID`),
  CONSTRAINT `FK_FRSRHO213XCX4WNKOG82SSPMT` FOREIGN KEY (`RESOURCE_SERVER_ID`) REFERENCES `RESOURCE_SERVER` (`ID`),
  CONSTRAINT `FK_FRSRHO213XCX4WNKOG83SSPMT` FOREIGN KEY (`RESOURCE_ID`) REFERENCES `RESOURCE_SERVER_RESOURCE` (`ID`),
  CONSTRAINT `FK_FRSRHO213XCX4WNKOG84SSPMT` FOREIGN KEY (`SCOPE_ID`) REFERENCES `RESOURCE_SERVER_SCOPE` (`ID`),
  CONSTRAINT `FK_FRSRPO2128CX4WNKOG82SSRFY` FOREIGN KEY (`POLICY_ID`) REFERENCES `RESOURCE_SERVER_POLICY` (`ID`)
) ENGINE=InnoDB DEFAULT CHARSET=utf8;
/*!40101 SET character_set_client = @saved_cs_client */;

--
-- Dumping data for table `RESOURCE_SERVER_PERM_TICKET`
--

LOCK TABLES `RESOURCE_SERVER_PERM_TICKET` WRITE;
/*!40000 ALTER TABLE `RESOURCE_SERVER_PERM_TICKET` DISABLE KEYS */;
/*!40000 ALTER TABLE `RESOURCE_SERVER_PERM_TICKET` ENABLE KEYS */;
UNLOCK TABLES;

--
-- Table structure for table `RESOURCE_SERVER_POLICY`
--

DROP TABLE IF EXISTS `RESOURCE_SERVER_POLICY`;
/*!40101 SET @saved_cs_client     = @@character_set_client */;
 SET character_set_client = utf8mb4 ;
CREATE TABLE `RESOURCE_SERVER_POLICY` (
  `ID` varchar(36) NOT NULL,
  `NAME` varchar(255) NOT NULL,
  `DESCRIPTION` varchar(255) CHARACTER SET utf8 COLLATE utf8_general_ci DEFAULT NULL,
  `TYPE` varchar(255) NOT NULL,
  `DECISION_STRATEGY` varchar(20) DEFAULT NULL,
  `LOGIC` varchar(20) DEFAULT NULL,
  `RESOURCE_SERVER_ID` varchar(36) DEFAULT NULL,
  `OWNER` varchar(36) DEFAULT NULL,
  PRIMARY KEY (`ID`),
  UNIQUE KEY `UK_FRSRPT700S9V50BU18WS5HA6` (`NAME`,`RESOURCE_SERVER_ID`),
  KEY `IDX_RES_SERV_POL_RES_SERV` (`RESOURCE_SERVER_ID`),
  CONSTRAINT `FK_FRSRPO213XCX4WNKOG82SSRFY` FOREIGN KEY (`RESOURCE_SERVER_ID`) REFERENCES `RESOURCE_SERVER` (`ID`)
) ENGINE=InnoDB DEFAULT CHARSET=utf8;
/*!40101 SET character_set_client = @saved_cs_client */;

--
-- Dumping data for table `RESOURCE_SERVER_POLICY`
--

LOCK TABLES `RESOURCE_SERVER_POLICY` WRITE;
/*!40000 ALTER TABLE `RESOURCE_SERVER_POLICY` DISABLE KEYS */;
/*!40000 ALTER TABLE `RESOURCE_SERVER_POLICY` ENABLE KEYS */;
UNLOCK TABLES;

--
-- Table structure for table `RESOURCE_SERVER_RESOURCE`
--

DROP TABLE IF EXISTS `RESOURCE_SERVER_RESOURCE`;
/*!40101 SET @saved_cs_client     = @@character_set_client */;
 SET character_set_client = utf8mb4 ;
CREATE TABLE `RESOURCE_SERVER_RESOURCE` (
  `ID` varchar(36) NOT NULL,
  `NAME` varchar(255) NOT NULL,
  `TYPE` varchar(255) DEFAULT NULL,
  `ICON_URI` varchar(255) DEFAULT NULL,
  `OWNER` varchar(36) NOT NULL,
  `RESOURCE_SERVER_ID` varchar(36) DEFAULT NULL,
  `OWNER_MANAGED_ACCESS` bit(1) NOT NULL DEFAULT b'0',
  `DISPLAY_NAME` varchar(255) DEFAULT NULL,
  PRIMARY KEY (`ID`),
  UNIQUE KEY `UK_FRSR6T700S9V50BU18WS5HA6` (`NAME`,`OWNER`,`RESOURCE_SERVER_ID`),
  KEY `IDX_RES_SRV_RES_RES_SRV` (`RESOURCE_SERVER_ID`),
  CONSTRAINT `FK_FRSRHO213XCX4WNKOG82SSRFY` FOREIGN KEY (`RESOURCE_SERVER_ID`) REFERENCES `RESOURCE_SERVER` (`ID`)
) ENGINE=InnoDB DEFAULT CHARSET=utf8;
/*!40101 SET character_set_client = @saved_cs_client */;

--
-- Dumping data for table `RESOURCE_SERVER_RESOURCE`
--

LOCK TABLES `RESOURCE_SERVER_RESOURCE` WRITE;
/*!40000 ALTER TABLE `RESOURCE_SERVER_RESOURCE` DISABLE KEYS */;
/*!40000 ALTER TABLE `RESOURCE_SERVER_RESOURCE` ENABLE KEYS */;
UNLOCK TABLES;

--
-- Table structure for table `RESOURCE_SERVER_SCOPE`
--

DROP TABLE IF EXISTS `RESOURCE_SERVER_SCOPE`;
/*!40101 SET @saved_cs_client     = @@character_set_client */;
 SET character_set_client = utf8mb4 ;
CREATE TABLE `RESOURCE_SERVER_SCOPE` (
  `ID` varchar(36) NOT NULL,
  `NAME` varchar(255) NOT NULL,
  `ICON_URI` varchar(255) DEFAULT NULL,
  `RESOURCE_SERVER_ID` varchar(36) DEFAULT NULL,
  `DISPLAY_NAME` varchar(255) DEFAULT NULL,
  PRIMARY KEY (`ID`),
  UNIQUE KEY `UK_FRSRST700S9V50BU18WS5HA6` (`NAME`,`RESOURCE_SERVER_ID`),
  KEY `IDX_RES_SRV_SCOPE_RES_SRV` (`RESOURCE_SERVER_ID`),
  CONSTRAINT `FK_FRSRSO213XCX4WNKOG82SSRFY` FOREIGN KEY (`RESOURCE_SERVER_ID`) REFERENCES `RESOURCE_SERVER` (`ID`)
) ENGINE=InnoDB DEFAULT CHARSET=utf8;
/*!40101 SET character_set_client = @saved_cs_client */;

--
-- Dumping data for table `RESOURCE_SERVER_SCOPE`
--

LOCK TABLES `RESOURCE_SERVER_SCOPE` WRITE;
/*!40000 ALTER TABLE `RESOURCE_SERVER_SCOPE` DISABLE KEYS */;
/*!40000 ALTER TABLE `RESOURCE_SERVER_SCOPE` ENABLE KEYS */;
UNLOCK TABLES;

--
-- Table structure for table `RESOURCE_URIS`
--

DROP TABLE IF EXISTS `RESOURCE_URIS`;
/*!40101 SET @saved_cs_client     = @@character_set_client */;
 SET character_set_client = utf8mb4 ;
CREATE TABLE `RESOURCE_URIS` (
  `RESOURCE_ID` varchar(36) NOT NULL,
  `VALUE` varchar(255) NOT NULL,
  KEY `FK_RESOURCE_SERVER_URIS` (`RESOURCE_ID`),
  CONSTRAINT `FK_RESOURCE_SERVER_URIS` FOREIGN KEY (`RESOURCE_ID`) REFERENCES `RESOURCE_SERVER_RESOURCE` (`ID`)
) ENGINE=InnoDB DEFAULT CHARSET=utf8;
/*!40101 SET character_set_client = @saved_cs_client */;

--
-- Dumping data for table `RESOURCE_URIS`
--

LOCK TABLES `RESOURCE_URIS` WRITE;
/*!40000 ALTER TABLE `RESOURCE_URIS` DISABLE KEYS */;
/*!40000 ALTER TABLE `RESOURCE_URIS` ENABLE KEYS */;
UNLOCK TABLES;

--
-- Table structure for table `ROLE_ATTRIBUTE`
--

DROP TABLE IF EXISTS `ROLE_ATTRIBUTE`;
/*!40101 SET @saved_cs_client     = @@character_set_client */;
 SET character_set_client = utf8mb4 ;
CREATE TABLE `ROLE_ATTRIBUTE` (
  `ID` varchar(36) NOT NULL,
  `ROLE_ID` varchar(36) NOT NULL,
  `NAME` varchar(255) NOT NULL,
  `VALUE` varchar(255) CHARACTER SET utf8 COLLATE utf8_general_ci DEFAULT NULL,
  PRIMARY KEY (`ID`),
  KEY `IDX_ROLE_ATTRIBUTE` (`ROLE_ID`),
  CONSTRAINT `FK_ROLE_ATTRIBUTE_ID` FOREIGN KEY (`ROLE_ID`) REFERENCES `KEYCLOAK_ROLE` (`ID`)
) ENGINE=InnoDB DEFAULT CHARSET=utf8;
/*!40101 SET character_set_client = @saved_cs_client */;

--
-- Dumping data for table `ROLE_ATTRIBUTE`
--

LOCK TABLES `ROLE_ATTRIBUTE` WRITE;
/*!40000 ALTER TABLE `ROLE_ATTRIBUTE` DISABLE KEYS */;
/*!40000 ALTER TABLE `ROLE_ATTRIBUTE` ENABLE KEYS */;
UNLOCK TABLES;

--
-- Table structure for table `SCOPE_MAPPING`
--

DROP TABLE IF EXISTS `SCOPE_MAPPING`;
/*!40101 SET @saved_cs_client     = @@character_set_client */;
 SET character_set_client = utf8mb4 ;
CREATE TABLE `SCOPE_MAPPING` (
  `CLIENT_ID` varchar(36) NOT NULL,
  `ROLE_ID` varchar(36) NOT NULL,
  PRIMARY KEY (`CLIENT_ID`,`ROLE_ID`),
  KEY `IDX_SCOPE_MAPPING_ROLE` (`ROLE_ID`),
  CONSTRAINT `FK_OUSE064PLMLR732LXJCN1Q5F1` FOREIGN KEY (`CLIENT_ID`) REFERENCES `CLIENT` (`ID`),
  CONSTRAINT `FK_P3RH9GRKU11KQFRS4FLTT7RNQ` FOREIGN KEY (`ROLE_ID`) REFERENCES `KEYCLOAK_ROLE` (`ID`)
) ENGINE=InnoDB DEFAULT CHARSET=utf8;
/*!40101 SET character_set_client = @saved_cs_client */;

--
-- Dumping data for table `SCOPE_MAPPING`
--

LOCK TABLES `SCOPE_MAPPING` WRITE;
/*!40000 ALTER TABLE `SCOPE_MAPPING` DISABLE KEYS */;
/*!40000 ALTER TABLE `SCOPE_MAPPING` ENABLE KEYS */;
UNLOCK TABLES;

--
-- Table structure for table `SCOPE_POLICY`
--

DROP TABLE IF EXISTS `SCOPE_POLICY`;
/*!40101 SET @saved_cs_client     = @@character_set_client */;
 SET character_set_client = utf8mb4 ;
CREATE TABLE `SCOPE_POLICY` (
  `SCOPE_ID` varchar(36) NOT NULL,
  `POLICY_ID` varchar(36) NOT NULL,
  PRIMARY KEY (`SCOPE_ID`,`POLICY_ID`),
  KEY `IDX_SCOPE_POLICY_POLICY` (`POLICY_ID`),
  CONSTRAINT `FK_FRSRASP13XCX4WNKOG82SSRFY` FOREIGN KEY (`POLICY_ID`) REFERENCES `RESOURCE_SERVER_POLICY` (`ID`),
  CONSTRAINT `FK_FRSRPASS3XCX4WNKOG82SSRFY` FOREIGN KEY (`SCOPE_ID`) REFERENCES `RESOURCE_SERVER_SCOPE` (`ID`)
) ENGINE=InnoDB DEFAULT CHARSET=utf8;
/*!40101 SET character_set_client = @saved_cs_client */;

--
-- Dumping data for table `SCOPE_POLICY`
--

LOCK TABLES `SCOPE_POLICY` WRITE;
/*!40000 ALTER TABLE `SCOPE_POLICY` DISABLE KEYS */;
/*!40000 ALTER TABLE `SCOPE_POLICY` ENABLE KEYS */;
UNLOCK TABLES;

--
-- Table structure for table `USERNAME_LOGIN_FAILURE`
--

DROP TABLE IF EXISTS `USERNAME_LOGIN_FAILURE`;
/*!40101 SET @saved_cs_client     = @@character_set_client */;
 SET character_set_client = utf8mb4 ;
CREATE TABLE `USERNAME_LOGIN_FAILURE` (
  `REALM_ID` varchar(36) NOT NULL,
  `USERNAME` varchar(255) CHARACTER SET utf8 COLLATE utf8_general_ci NOT NULL,
  `FAILED_LOGIN_NOT_BEFORE` int(11) DEFAULT NULL,
  `LAST_FAILURE` bigint(20) DEFAULT NULL,
  `LAST_IP_FAILURE` varchar(255) DEFAULT NULL,
  `NUM_FAILURES` int(11) DEFAULT NULL,
  PRIMARY KEY (`REALM_ID`,`USERNAME`)
) ENGINE=InnoDB DEFAULT CHARSET=utf8;
/*!40101 SET character_set_client = @saved_cs_client */;

--
-- Dumping data for table `USERNAME_LOGIN_FAILURE`
--

LOCK TABLES `USERNAME_LOGIN_FAILURE` WRITE;
/*!40000 ALTER TABLE `USERNAME_LOGIN_FAILURE` DISABLE KEYS */;
/*!40000 ALTER TABLE `USERNAME_LOGIN_FAILURE` ENABLE KEYS */;
UNLOCK TABLES;

--
-- Table structure for table `USER_ATTRIBUTE`
--

DROP TABLE IF EXISTS `USER_ATTRIBUTE`;
/*!40101 SET @saved_cs_client     = @@character_set_client */;
 SET character_set_client = utf8mb4 ;
CREATE TABLE `USER_ATTRIBUTE` (
  `NAME` varchar(255) NOT NULL,
  `VALUE` varchar(255) CHARACTER SET utf8 COLLATE utf8_general_ci DEFAULT NULL,
  `USER_ID` varchar(36) NOT NULL,
  `ID` varchar(36) NOT NULL DEFAULT 'sybase-needs-something-here',
  PRIMARY KEY (`ID`),
  KEY `IDX_USER_ATTRIBUTE` (`USER_ID`),
  CONSTRAINT `FK_5HRM2VLF9QL5FU043KQEPOVBR` FOREIGN KEY (`USER_ID`) REFERENCES `USER_ENTITY` (`ID`)
) ENGINE=InnoDB DEFAULT CHARSET=utf8;
/*!40101 SET character_set_client = @saved_cs_client */;

--
-- Dumping data for table `USER_ATTRIBUTE`
--

LOCK TABLES `USER_ATTRIBUTE` WRITE;
/*!40000 ALTER TABLE `USER_ATTRIBUTE` DISABLE KEYS */;
/*!40000 ALTER TABLE `USER_ATTRIBUTE` ENABLE KEYS */;
UNLOCK TABLES;

--
-- Table structure for table `USER_CONSENT`
--

DROP TABLE IF EXISTS `USER_CONSENT`;
/*!40101 SET @saved_cs_client     = @@character_set_client */;
 SET character_set_client = utf8mb4 ;
CREATE TABLE `USER_CONSENT` (
  `ID` varchar(36) NOT NULL,
  `CLIENT_ID` varchar(36) DEFAULT NULL,
  `USER_ID` varchar(36) NOT NULL,
  `CREATED_DATE` bigint(20) DEFAULT NULL,
  `LAST_UPDATED_DATE` bigint(20) DEFAULT NULL,
  `CLIENT_STORAGE_PROVIDER` varchar(36) DEFAULT NULL,
  `EXTERNAL_CLIENT_ID` varchar(255) DEFAULT NULL,
  PRIMARY KEY (`ID`),
  UNIQUE KEY `UK_JKUWUVD56ONTGSUHOGM8UEWRT` (`CLIENT_ID`,`CLIENT_STORAGE_PROVIDER`,`EXTERNAL_CLIENT_ID`,`USER_ID`),
  KEY `IDX_USER_CONSENT` (`USER_ID`),
  CONSTRAINT `FK_GRNTCSNT_USER` FOREIGN KEY (`USER_ID`) REFERENCES `USER_ENTITY` (`ID`)
) ENGINE=InnoDB DEFAULT CHARSET=utf8;
/*!40101 SET character_set_client = @saved_cs_client */;

--
-- Dumping data for table `USER_CONSENT`
--

LOCK TABLES `USER_CONSENT` WRITE;
/*!40000 ALTER TABLE `USER_CONSENT` DISABLE KEYS */;
/*!40000 ALTER TABLE `USER_CONSENT` ENABLE KEYS */;
UNLOCK TABLES;

--
-- Table structure for table `USER_CONSENT_CLIENT_SCOPE`
--

DROP TABLE IF EXISTS `USER_CONSENT_CLIENT_SCOPE`;
/*!40101 SET @saved_cs_client     = @@character_set_client */;
 SET character_set_client = utf8mb4 ;
CREATE TABLE `USER_CONSENT_CLIENT_SCOPE` (
  `USER_CONSENT_ID` varchar(36) NOT NULL,
  `SCOPE_ID` varchar(36) NOT NULL,
  PRIMARY KEY (`USER_CONSENT_ID`,`SCOPE_ID`),
  KEY `IDX_USCONSENT_CLSCOPE` (`USER_CONSENT_ID`),
  CONSTRAINT `FK_GRNTCSNT_CLSC_USC` FOREIGN KEY (`USER_CONSENT_ID`) REFERENCES `USER_CONSENT` (`ID`)
) ENGINE=InnoDB DEFAULT CHARSET=utf8;
/*!40101 SET character_set_client = @saved_cs_client */;

--
-- Dumping data for table `USER_CONSENT_CLIENT_SCOPE`
--

LOCK TABLES `USER_CONSENT_CLIENT_SCOPE` WRITE;
/*!40000 ALTER TABLE `USER_CONSENT_CLIENT_SCOPE` DISABLE KEYS */;
/*!40000 ALTER TABLE `USER_CONSENT_CLIENT_SCOPE` ENABLE KEYS */;
UNLOCK TABLES;

--
-- Table structure for table `USER_ENTITY`
--

DROP TABLE IF EXISTS `USER_ENTITY`;
/*!40101 SET @saved_cs_client     = @@character_set_client */;
 SET character_set_client = utf8mb4 ;
CREATE TABLE `USER_ENTITY` (
  `ID` varchar(36) NOT NULL,
  `EMAIL` varchar(255) DEFAULT NULL,
  `EMAIL_CONSTRAINT` varchar(255) DEFAULT NULL,
  `EMAIL_VERIFIED` bit(1) NOT NULL DEFAULT b'0',
  `ENABLED` bit(1) NOT NULL DEFAULT b'0',
  `FEDERATION_LINK` varchar(255) DEFAULT NULL,
  `FIRST_NAME` varchar(255) CHARACTER SET utf8 COLLATE utf8_general_ci DEFAULT NULL,
  `LAST_NAME` varchar(255) CHARACTER SET utf8 COLLATE utf8_general_ci DEFAULT NULL,
  `REALM_ID` varchar(255) DEFAULT NULL,
  `USERNAME` varchar(255) CHARACTER SET utf8 COLLATE utf8_general_ci DEFAULT NULL,
  `CREATED_TIMESTAMP` bigint(20) DEFAULT NULL,
  `SERVICE_ACCOUNT_CLIENT_LINK` varchar(36) DEFAULT NULL,
  `NOT_BEFORE` int(11) NOT NULL DEFAULT '0',
  PRIMARY KEY (`ID`),
  UNIQUE KEY `UK_DYKN684SL8UP1CRFEI6ECKHD7` (`REALM_ID`,`EMAIL_CONSTRAINT`),
  UNIQUE KEY `UK_RU8TT6T700S9V50BU18WS5HA6` (`REALM_ID`,`USERNAME`),
  KEY `IDX_USER_EMAIL` (`EMAIL`)
) ENGINE=InnoDB DEFAULT CHARSET=utf8;
/*!40101 SET character_set_client = @saved_cs_client */;

--
-- Dumping data for table `USER_ENTITY`
--

LOCK TABLES `USER_ENTITY` WRITE;
/*!40000 ALTER TABLE `USER_ENTITY` DISABLE KEYS */;
INSERT INTO `USER_ENTITY` VALUES ('0b8387c5-8a40-40b5-8160-8881d6311e91',NULL,'245d8249-ca07-4014-ba59-f8bf41ef1122',_binary '\0',_binary '',NULL,NULL,NULL,'master','admin',1563632854805,NULL,0);
/*!40000 ALTER TABLE `USER_ENTITY` ENABLE KEYS */;
UNLOCK TABLES;

--
-- Table structure for table `USER_FEDERATION_CONFIG`
--

DROP TABLE IF EXISTS `USER_FEDERATION_CONFIG`;
/*!40101 SET @saved_cs_client     = @@character_set_client */;
 SET character_set_client = utf8mb4 ;
CREATE TABLE `USER_FEDERATION_CONFIG` (
  `USER_FEDERATION_PROVIDER_ID` varchar(36) NOT NULL,
  `VALUE` varchar(255) DEFAULT NULL,
  `NAME` varchar(255) NOT NULL,
  PRIMARY KEY (`USER_FEDERATION_PROVIDER_ID`,`NAME`),
  CONSTRAINT `FK_T13HPU1J94R2EBPEKR39X5EU5` FOREIGN KEY (`USER_FEDERATION_PROVIDER_ID`) REFERENCES `USER_FEDERATION_PROVIDER` (`ID`)
) ENGINE=InnoDB DEFAULT CHARSET=utf8;
/*!40101 SET character_set_client = @saved_cs_client */;

--
-- Dumping data for table `USER_FEDERATION_CONFIG`
--

LOCK TABLES `USER_FEDERATION_CONFIG` WRITE;
/*!40000 ALTER TABLE `USER_FEDERATION_CONFIG` DISABLE KEYS */;
/*!40000 ALTER TABLE `USER_FEDERATION_CONFIG` ENABLE KEYS */;
UNLOCK TABLES;

--
-- Table structure for table `USER_FEDERATION_MAPPER`
--

DROP TABLE IF EXISTS `USER_FEDERATION_MAPPER`;
/*!40101 SET @saved_cs_client     = @@character_set_client */;
 SET character_set_client = utf8mb4 ;
CREATE TABLE `USER_FEDERATION_MAPPER` (
  `ID` varchar(36) NOT NULL,
  `NAME` varchar(255) NOT NULL,
  `FEDERATION_PROVIDER_ID` varchar(36) NOT NULL,
  `FEDERATION_MAPPER_TYPE` varchar(255) NOT NULL,
  `REALM_ID` varchar(36) NOT NULL,
  PRIMARY KEY (`ID`),
  KEY `IDX_USR_FED_MAP_FED_PRV` (`FEDERATION_PROVIDER_ID`),
  KEY `IDX_USR_FED_MAP_REALM` (`REALM_ID`),
  CONSTRAINT `FK_FEDMAPPERPM_FEDPRV` FOREIGN KEY (`FEDERATION_PROVIDER_ID`) REFERENCES `USER_FEDERATION_PROVIDER` (`ID`),
  CONSTRAINT `FK_FEDMAPPERPM_REALM` FOREIGN KEY (`REALM_ID`) REFERENCES `REALM` (`ID`)
) ENGINE=InnoDB DEFAULT CHARSET=utf8;
/*!40101 SET character_set_client = @saved_cs_client */;

--
-- Dumping data for table `USER_FEDERATION_MAPPER`
--

LOCK TABLES `USER_FEDERATION_MAPPER` WRITE;
/*!40000 ALTER TABLE `USER_FEDERATION_MAPPER` DISABLE KEYS */;
/*!40000 ALTER TABLE `USER_FEDERATION_MAPPER` ENABLE KEYS */;
UNLOCK TABLES;

--
-- Table structure for table `USER_FEDERATION_MAPPER_CONFIG`
--

DROP TABLE IF EXISTS `USER_FEDERATION_MAPPER_CONFIG`;
/*!40101 SET @saved_cs_client     = @@character_set_client */;
 SET character_set_client = utf8mb4 ;
CREATE TABLE `USER_FEDERATION_MAPPER_CONFIG` (
  `USER_FEDERATION_MAPPER_ID` varchar(36) NOT NULL,
  `VALUE` varchar(255) DEFAULT NULL,
  `NAME` varchar(255) NOT NULL,
  PRIMARY KEY (`USER_FEDERATION_MAPPER_ID`,`NAME`),
  CONSTRAINT `FK_FEDMAPPER_CFG` FOREIGN KEY (`USER_FEDERATION_MAPPER_ID`) REFERENCES `USER_FEDERATION_MAPPER` (`ID`)
) ENGINE=InnoDB DEFAULT CHARSET=utf8;
/*!40101 SET character_set_client = @saved_cs_client */;

--
-- Dumping data for table `USER_FEDERATION_MAPPER_CONFIG`
--

LOCK TABLES `USER_FEDERATION_MAPPER_CONFIG` WRITE;
/*!40000 ALTER TABLE `USER_FEDERATION_MAPPER_CONFIG` DISABLE KEYS */;
/*!40000 ALTER TABLE `USER_FEDERATION_MAPPER_CONFIG` ENABLE KEYS */;
UNLOCK TABLES;

--
-- Table structure for table `USER_FEDERATION_PROVIDER`
--

DROP TABLE IF EXISTS `USER_FEDERATION_PROVIDER`;
/*!40101 SET @saved_cs_client     = @@character_set_client */;
 SET character_set_client = utf8mb4 ;
CREATE TABLE `USER_FEDERATION_PROVIDER` (
  `ID` varchar(36) NOT NULL,
  `CHANGED_SYNC_PERIOD` int(11) DEFAULT NULL,
  `DISPLAY_NAME` varchar(255) DEFAULT NULL,
  `FULL_SYNC_PERIOD` int(11) DEFAULT NULL,
  `LAST_SYNC` int(11) DEFAULT NULL,
  `PRIORITY` int(11) DEFAULT NULL,
  `PROVIDER_NAME` varchar(255) DEFAULT NULL,
  `REALM_ID` varchar(36) DEFAULT NULL,
  PRIMARY KEY (`ID`),
  KEY `IDX_USR_FED_PRV_REALM` (`REALM_ID`),
  CONSTRAINT `FK_1FJ32F6PTOLW2QY60CD8N01E8` FOREIGN KEY (`REALM_ID`) REFERENCES `REALM` (`ID`)
) ENGINE=InnoDB DEFAULT CHARSET=utf8;
/*!40101 SET character_set_client = @saved_cs_client */;

--
-- Dumping data for table `USER_FEDERATION_PROVIDER`
--

LOCK TABLES `USER_FEDERATION_PROVIDER` WRITE;
/*!40000 ALTER TABLE `USER_FEDERATION_PROVIDER` DISABLE KEYS */;
/*!40000 ALTER TABLE `USER_FEDERATION_PROVIDER` ENABLE KEYS */;
UNLOCK TABLES;

--
-- Table structure for table `USER_GROUP_MEMBERSHIP`
--

DROP TABLE IF EXISTS `USER_GROUP_MEMBERSHIP`;
/*!40101 SET @saved_cs_client     = @@character_set_client */;
 SET character_set_client = utf8mb4 ;
CREATE TABLE `USER_GROUP_MEMBERSHIP` (
  `GROUP_ID` varchar(36) NOT NULL,
  `USER_ID` varchar(36) NOT NULL,
  PRIMARY KEY (`GROUP_ID`,`USER_ID`),
  KEY `IDX_USER_GROUP_MAPPING` (`USER_ID`),
  CONSTRAINT `FK_USER_GROUP_USER` FOREIGN KEY (`USER_ID`) REFERENCES `USER_ENTITY` (`ID`)
) ENGINE=InnoDB DEFAULT CHARSET=utf8;
/*!40101 SET character_set_client = @saved_cs_client */;

--
-- Dumping data for table `USER_GROUP_MEMBERSHIP`
--

LOCK TABLES `USER_GROUP_MEMBERSHIP` WRITE;
/*!40000 ALTER TABLE `USER_GROUP_MEMBERSHIP` DISABLE KEYS */;
/*!40000 ALTER TABLE `USER_GROUP_MEMBERSHIP` ENABLE KEYS */;
UNLOCK TABLES;

--
-- Table structure for table `USER_REQUIRED_ACTION`
--

DROP TABLE IF EXISTS `USER_REQUIRED_ACTION`;
/*!40101 SET @saved_cs_client     = @@character_set_client */;
 SET character_set_client = utf8mb4 ;
CREATE TABLE `USER_REQUIRED_ACTION` (
  `USER_ID` varchar(36) NOT NULL,
  `REQUIRED_ACTION` varchar(255) NOT NULL DEFAULT ' ',
  PRIMARY KEY (`REQUIRED_ACTION`,`USER_ID`),
  KEY `IDX_USER_REQACTIONS` (`USER_ID`),
  CONSTRAINT `FK_6QJ3W1JW9CVAFHE19BWSIUVMD` FOREIGN KEY (`USER_ID`) REFERENCES `USER_ENTITY` (`ID`)
) ENGINE=InnoDB DEFAULT CHARSET=utf8;
/*!40101 SET character_set_client = @saved_cs_client */;

--
-- Dumping data for table `USER_REQUIRED_ACTION`
--

LOCK TABLES `USER_REQUIRED_ACTION` WRITE;
/*!40000 ALTER TABLE `USER_REQUIRED_ACTION` DISABLE KEYS */;
/*!40000 ALTER TABLE `USER_REQUIRED_ACTION` ENABLE KEYS */;
UNLOCK TABLES;

--
-- Table structure for table `USER_ROLE_MAPPING`
--

DROP TABLE IF EXISTS `USER_ROLE_MAPPING`;
/*!40101 SET @saved_cs_client     = @@character_set_client */;
 SET character_set_client = utf8mb4 ;
CREATE TABLE `USER_ROLE_MAPPING` (
  `ROLE_ID` varchar(255) NOT NULL,
  `USER_ID` varchar(36) NOT NULL,
  PRIMARY KEY (`ROLE_ID`,`USER_ID`),
  KEY `IDX_USER_ROLE_MAPPING` (`USER_ID`),
  CONSTRAINT `FK_C4FQV34P1MBYLLOXANG7B1Q3L` FOREIGN KEY (`USER_ID`) REFERENCES `USER_ENTITY` (`ID`)
) ENGINE=InnoDB DEFAULT CHARSET=utf8;
/*!40101 SET character_set_client = @saved_cs_client */;

--
-- Dumping data for table `USER_ROLE_MAPPING`
--

LOCK TABLES `USER_ROLE_MAPPING` WRITE;
/*!40000 ALTER TABLE `USER_ROLE_MAPPING` DISABLE KEYS */;
INSERT INTO `USER_ROLE_MAPPING` VALUES ('088c256d-aa93-468e-ac14-eb2c8ebedc4b','0b8387c5-8a40-40b5-8160-8881d6311e91'),('3bb4ca76-34e5-4bfb-9fd3-7c623bc1d51c','0b8387c5-8a40-40b5-8160-8881d6311e91'),('5e13f194-516f-459d-a0ca-7dbb79012186','0b8387c5-8a40-40b5-8160-8881d6311e91'),('5f4be1b8-4687-4a86-abe0-e82deddffc6f','0b8387c5-8a40-40b5-8160-8881d6311e91'),('670448e9-3caf-4ae1-a3bd-021ce7595ef0','0b8387c5-8a40-40b5-8160-8881d6311e91');
/*!40000 ALTER TABLE `USER_ROLE_MAPPING` ENABLE KEYS */;
UNLOCK TABLES;

--
-- Table structure for table `USER_SESSION`
--

DROP TABLE IF EXISTS `USER_SESSION`;
/*!40101 SET @saved_cs_client     = @@character_set_client */;
 SET character_set_client = utf8mb4 ;
CREATE TABLE `USER_SESSION` (
  `ID` varchar(36) NOT NULL,
  `AUTH_METHOD` varchar(255) DEFAULT NULL,
  `IP_ADDRESS` varchar(255) DEFAULT NULL,
  `LAST_SESSION_REFRESH` int(11) DEFAULT NULL,
  `LOGIN_USERNAME` varchar(255) DEFAULT NULL,
  `REALM_ID` varchar(255) DEFAULT NULL,
  `REMEMBER_ME` bit(1) NOT NULL DEFAULT b'0',
  `STARTED` int(11) DEFAULT NULL,
  `USER_ID` varchar(255) DEFAULT NULL,
  `USER_SESSION_STATE` int(11) DEFAULT NULL,
  `BROKER_SESSION_ID` varchar(255) DEFAULT NULL,
  `BROKER_USER_ID` varchar(255) DEFAULT NULL,
  PRIMARY KEY (`ID`)
) ENGINE=InnoDB DEFAULT CHARSET=utf8;
/*!40101 SET character_set_client = @saved_cs_client */;

--
-- Dumping data for table `USER_SESSION`
--

LOCK TABLES `USER_SESSION` WRITE;
/*!40000 ALTER TABLE `USER_SESSION` DISABLE KEYS */;
/*!40000 ALTER TABLE `USER_SESSION` ENABLE KEYS */;
UNLOCK TABLES;

--
-- Table structure for table `USER_SESSION_NOTE`
--

DROP TABLE IF EXISTS `USER_SESSION_NOTE`;
/*!40101 SET @saved_cs_client     = @@character_set_client */;
 SET character_set_client = utf8mb4 ;
CREATE TABLE `USER_SESSION_NOTE` (
  `USER_SESSION` varchar(36) NOT NULL,
  `NAME` varchar(255) NOT NULL,
  `VALUE` varchar(2048) DEFAULT NULL,
  PRIMARY KEY (`USER_SESSION`,`NAME`),
  CONSTRAINT `FK5EDFB00FF51D3472` FOREIGN KEY (`USER_SESSION`) REFERENCES `USER_SESSION` (`ID`)
) ENGINE=InnoDB DEFAULT CHARSET=utf8;
/*!40101 SET character_set_client = @saved_cs_client */;

--
-- Dumping data for table `USER_SESSION_NOTE`
--

LOCK TABLES `USER_SESSION_NOTE` WRITE;
/*!40000 ALTER TABLE `USER_SESSION_NOTE` DISABLE KEYS */;
/*!40000 ALTER TABLE `USER_SESSION_NOTE` ENABLE KEYS */;
UNLOCK TABLES;

--
-- Table structure for table `WEB_ORIGINS`
--

DROP TABLE IF EXISTS `WEB_ORIGINS`;
/*!40101 SET @saved_cs_client     = @@character_set_client */;
 SET character_set_client = utf8mb4 ;
CREATE TABLE `WEB_ORIGINS` (
  `CLIENT_ID` varchar(36) NOT NULL,
  `VALUE` varchar(255) NOT NULL,
  PRIMARY KEY (`CLIENT_ID`,`VALUE`),
  KEY `IDX_WEB_ORIG_CLIENT` (`CLIENT_ID`),
  CONSTRAINT `FK_LOJPHO213XCX4WNKOG82SSRFY` FOREIGN KEY (`CLIENT_ID`) REFERENCES `CLIENT` (`ID`)
) ENGINE=InnoDB DEFAULT CHARSET=utf8;
/*!40101 SET character_set_client = @saved_cs_client */;

--
-- Dumping data for table `WEB_ORIGINS`
--

LOCK TABLES `WEB_ORIGINS` WRITE;
/*!40000 ALTER TABLE `WEB_ORIGINS` DISABLE KEYS */;
/*!40000 ALTER TABLE `WEB_ORIGINS` ENABLE KEYS */;
UNLOCK TABLES;

--
-- Dumping routines for database 'kc_lab'
--
/*!40103 SET TIME_ZONE=@OLD_TIME_ZONE */;

/*!40101 SET SQL_MODE=@OLD_SQL_MODE */;
/*!40014 SET FOREIGN_KEY_CHECKS=@OLD_FOREIGN_KEY_CHECKS */;
/*!40014 SET UNIQUE_CHECKS=@OLD_UNIQUE_CHECKS */;
/*!40101 SET CHARACTER_SET_CLIENT=@OLD_CHARACTER_SET_CLIENT */;
/*!40101 SET CHARACTER_SET_RESULTS=@OLD_CHARACTER_SET_RESULTS */;
/*!40101 SET COLLATION_CONNECTION=@OLD_COLLATION_CONNECTION */;
/*!40111 SET SQL_NOTES=@OLD_SQL_NOTES */;

-- Dump completed on 2019-07-20 22:29:10
